Brand,Phone,2G,3G,4G,5G,GPRS,EDGE,LunchDate,Status,Weight,Body_x,Body_y,Body_z,DisplaySize,DisplayArea,pixel_y,pixel_x,Display_Resolution_ratio,ppi_dencity,OS,CPUCoreCount
BLU369,A5L,True,True,True,False,False,False,2021,February 09,118.0,124.5,64.5,10.6,4.0,56.7,480,800,5:3,233,Android 10 ,4
BLU369,Advance 4.0,True,True,False,False,False,False,2013,"December. Released 2013, December",124.0,125,65,12.4,4.0,56.1,480,800,5:3,233,Android 4.2 ,2
BLU369,Advance 4.0 L,True,True,False,False,False,False,2015,"May. Released 2015, May",121.0,128,66,11,4.0,53.9,480,800,5:3,233,Android 4.4 ,2
BLU369,Advance 4.0 L2,True,True,False,False,False,False,2016,"April. Released 2016, April",122.0,133.7,65.8,10.8,4.0,51.8,480,800,5:3,233,Android 6.0 ,4
BLU369,Advance 4.0 L3,True,True,False,False,False,False,2017,"January. Released 2017, January",127.0,126.6,66.3,11.4,4.0,54.3,480,800,5:3,233,Android 6.0 ,4
BLU369,Advance 4.0 M,True,True,False,False,False,False,2016,"November. Released 2016, November",114.0,123.6,61.5,10.3,4.0,59.9,480,800,5:3,233,Android 6.0 ,4
BLU369,Advance L4,True,True,False,False,False,False,2018,September,104.0,124.3,65.2,10.4,4.0,56.2,480,800,5:3,233,Android 8.1 Oreo ,4
BLU369,Advance L5,True,True,False,False,False,False,2019,September,104.0,124.8,65.2,10.4,4.0,56.0,480,800,5:3,233,Android 8.1 Oreo ,4
BLU369,Amour,True,True,False,False,False,False,2013,"May. Released 2013, May",137.0,128,65.5,11.6,4.0,54.3,480,800,5:3,233,Android 4.0 ,2
BLU369,Bar Q,True,False,False,False,True,False,2011,"July. Released 2011, Q3",48.0,100.5,43,14.8,1.77,22.8,128,160,None,116,None,None
BLU369,Bold N1,True,True,True,False,False,False,2019,September,182.0,158.7,74.1,8.6,6.4,85.5,1080,2340,5:9,403,Android 9.0 ,8
BLU369,Bold N2,True,True,True,True,False,False,2022,August 11,180.0,158.7,74.1,8.6,6.6,90.9,1080,2340,5:9,390,Android 11,8
BLU369,Bold N3,True,True,True,True,False,False,2023,July,180.0,164.2,74.7,8.8,6.78,90.5,1080,2400,20:9,388,Android 13,8
BLU369,Brilliant,True,False,False,False,True,False,2010,"September. Released 2010, Q4",102.0,109,45,9.9,2.2,30.6,240,320,4:3,182,None,None
BLU369,Brooklyn,True,False,False,False,True,True,2012,"November. Released 2013, January",90.0,115,63,12,2.4,24.6,320,240,4:3,167,None,None
BLU369,C4,True,True,False,False,False,False,2018,August,118.0,124.3,64.2,10.9,4.0,57.1,480,800,5:3,233,Android 8.1 Oreo ,4
BLU369,C5,True,True,False,False,False,False,2018,August,145.0,144.3,72.5,10.3,5.0,65.9,480,854,16:9,196,Android 8.1 Oreo ,4
BLU369,C5 (2017),True,True,False,False,False,False,2017,"October. Released 2017, October",172.0,144.4,73.2,10,5.0,65.2,480,854,16:9,196,Android 6.0 ,2
BLU369,C5 2019,True,True,False,False,False,False,2019,October,146.0,144,73.1,10.3,5.0,65.4,480,854,16:9,196,Android 8.1 Oreo ,4
BLU369,C5 LTE,True,True,True,False,False,False,2017,"November. Released 2017, November",176.0,144.4,73.2,10,5.0,65.2,480,854,16:9,196,Android 6.0 ,4
BLU369,C5 Max,True,True,False,False,False,False,2022,January,164.0,159.2,76.5,9.8,5.7,68.8,720,1440,18:9,282,Android 11 ,4
BLU369,C5 Plus,True,True,False,False,False,False,2019,October,158.0,151,72.3,10,5.5,70.9,720,1440,None,292,Android 8.1 Oreo ,4
BLU369,C5L,True,True,True,False,False,False,2019,February,153.0,144.3,72.5,10.3,5.0,65.9,480,854,16:9,196,Android 8.1 Oreo ,4
BLU369,C5L 2020,True,True,True,False,False,False,2020,October,150.0,144,72.3,11.2,5.0,66.2,720,1280,16:9,294,Android 10 ,4
BLU369,C5L Max,True,True,True,False,False,False,2021,December,174.0,159.5,76.5,10.5,5.7,68.7,480,960,18:9,188,Android 11 ,4
BLU369,C6,True,True,False,False,False,False,2018,June,167.0,152.2,77.6,9.4,5.5,70.6,720,1280,16:9,267,Android 8.1 Oreo ,4
BLU369,C6 2019,True,True,False,False,False,False,2019,October,185.0,159.6,76.6,9.1,6.0,76.0,720,1440,18:9,268,Android 8.1 Oreo ,4
BLU369,C6 2020,True,True,False,False,False,False,2020,October,230.0,160.7,78.4,10.3,6.0,73.7,720,1440,18:9,268,Android 10 ,4
BLU369,C6L,True,True,True,False,False,False,2019,January,203.0,154.4,78.6,10.4,5.5,68.7,720,1280,16:9,267,Android 8.1 Oreo ,4
BLU369,C6L 2020,True,True,True,False,False,False,2020,October,167.0,155,74.7,10.9,5.7,72.4,720,1440,18:9,282,Android 10 ,4
BLU369,C7,True,True,False,False,False,False,2021,May 22,186.0,165,76.5,8.9,6.5,80.8,720,1600,20:9,270,Android 10 ,4
BLU369,C7X,True,True,False,False,False,False,2022,July 07,203.0,165.6,76.7,9.8,6.5,80.3,720,1600,20:9,270,Android 11 ,4
BLU369,Click,True,False,False,False,True,False,2010,"September. Released 2010, September",83.0,103,44,15,1.77,21.8,128,160,None,116,None,None
BLU369,Cubo,True,False,False,False,True,True,2010,"September. Released 2010, Q4",110.0,95.5,61,14.2,None,None,None,None,None,None,None,None
BLU369,Dash,True,True,False,False,False,False,2011,"December. Released 2012, March",96.0,103,56,12,2.8,42.1,240,320,4:3,143,Android 2.3 ,None
BLU369,Dash 3.2,True,True,False,False,False,False,2012,"December. Released 2012, December",105.0,104,56,13,3.2,54.4,240,320,4:3,125,Android 2.3 ,None
BLU369,Dash 3.5,True,True,False,False,False,False,2012,"September. Released 2012, September",110.0,115,62,11.5,3.5,51.2,320,480,3:2,165,Android 4.2 ,2
BLU369,Dash 4.0,True,True,False,False,False,False,2012,"December. Released 2013, September",128.0,124,63,11.8,4.0,58.3,480,800,5:3,233,Android 4.2 ,2
BLU369,Dash 4.5,True,True,False,False,False,False,2013,"July. Released 2013, July",144.0,133,65,12,4.5,64.5,480,854,16:9,218,Android 4.2 ,4
BLU369,Dash 4.5 (2016),True,True,False,False,False,False,2016,"July. Released 2016, July",134.0,132.8,66.8,10.5,4.5,62.9,480,854,16:9,218,Android 5.1 ,4
BLU369,Dash 5.0,True,True,False,False,False,False,2013,"August. Released 2013, September",128.0,146,70.6,9.4,5.0,66.8,480,854,16:9,196,Android 4.2 ,2
BLU369,Dash C Music,True,True,False,False,False,False,2014,"November. Released 2014, November",121.0,125,63.8,12.5,4.0,57.1,480,800,5:3,233,Android 4.4.2 ,2
BLU369,Dash G,True,True,False,False,False,False,2016,"November. Released 2016, November",157.0,146.3,73.7,9.8,5.0,63.9,480,854,16:9,196,Android 6.0 ,4
BLU369,Dash JR,True,False,False,False,True,True,2013,"August. Released 2013, September",105.0,116.5,62,12,3.5,50.5,320,480,3:2,165,Android 2.3 ,None
BLU369,Dash L,True,True,False,False,False,False,2015,"October. Released 2015, October",122.0,126,64,11,4.0,56.5,480,800,5:3,233,Android 4.4 ,2
BLU369,Dash L2,True,True,False,False,False,False,2016,"June. Released 2016, June",123.0,127,64.5,11.7,4.0,55.6,480,800,5:3,233,Android 6.0 ,4
BLU369,Dash L3,True,True,False,False,False,False,2017,"January. Released 2017, January",135.0,127.1,64.3,11.5,4.0,55.7,480,800,5:3,233,Android 6.0 ,2
BLU369,Dash L4,True,True,False,False,False,False,2017,December,119.0,126.8,64.1,10.5,4.0,56.0,480,800,5:3,233,Android 6.0 ,2
BLU369,Dash L4 LTE,True,True,True,False,False,False,2017,"December. Released 2017, December",123.0,126.8,64.1,10.5,4.0,56.0,480,800,5:3,233,Android 7.0 ,4
BLU369,Dash L5 LTE,True,True,True,False,False,False,2017,"November. Released 2017, November",148.0,145,73.6,10.5,5.0,64.6,480,854,16:9,196,Android 7.0 ,4
BLU369,Dash M,True,True,False,False,False,False,2015,"October. Released 2015, October",157.0,145.2,73.2,9.1,5.0,64.8,480,854,16:9,196,Android 5.0 ,4
BLU369,Dash M2,True,True,False,False,False,False,2016,"April. Released 2016, April",172.0,145,73.4,9.8,5.0,64.7,480,854,16:9,196,Android 6.0 ,4
BLU369,Dash Music,True,True,False,False,False,False,2013,"April. Released 2013, May",120.0,124,63,13.4,3.5,46.7,320,480,3:2,165,Android 2.3 ,None
BLU369,Dash Music 4.0,True,True,False,False,False,False,2013,"August. Released 2013, September",128.0,124,64,11.7,4.0,57.4,480,800,5:3,233,Android 4.2 ,2
BLU369,Dash Music JR,True,False,False,False,True,True,2014,"November. Released 2014, November",121.0,125,63.8,12.5,4.0,57.1,480,800,5:3,233,Android 4.4.2 ,2
BLU369,Dash X,True,True,False,False,False,False,2015,"October. Released 2015, October",148.0,142.5,71,9.3,5.0,68.1,720,1280,16:9,294,Android 5.1 ,4
BLU369,Dash X LTE,True,True,True,False,False,False,2015,"November. Released 2015, November",157.0,142.5,71,9.3,5.0,68.1,720,1280,16:9,294,Android 5.1 ,4
BLU369,Dash X Plus,True,True,False,False,False,False,2015,"October. Released 2015, October",190.0,158.8,77.7,10.2,5.5,67.6,720,1280,16:9,267,Android 5.0 ,4
BLU369,Dash X Plus LTE,True,True,True,False,False,False,2016,"March. Released 2016, March",190.0,158.8,77.7,10.2,5.5,67.6,720,1280,16:9,267,Android 5.1 ,4
BLU369,Dash X2,True,True,False,False,False,False,2016,"April. Released 2016, April",174.0,145,73.1,9.7,5.0,65.0,720,1280,16:9,294,Android 6.0 ,4
BLU369,Dash XL,True,True,False,False,False,False,2016,"November. Released 2016, November",168.0,155,78.1,9.4,5.5,68.9,720,1280,16:9,267,Android 6.0 ,4
BLU369,Deco,True,False,False,False,True,False,2011,"July. Released 2011, Q3",73.0,103,57.6,12.5,2.31,27.9,320,240,4:3,173,None,None
BLU369,Deco Mini,True,False,False,False,True,False,2011,"July. Released 2011, Q3",75.0,99.3,55.9,13.5,2.0,22.7,220,176,None,141,None,None
BLU369,Deco Pro,True,False,False,False,True,True,2011,"July. Released 2011, Q3",75.0,108.5,64,12.5,2.6,30.1,320,240,4:3,154,None,None
BLU369,Deco XT,True,False,False,False,True,True,2011,"July. Released 2011, Q3",75.0,103,57.6,12.5,2.31,27.9,320,240,4:3,173,None,None
BLU369,Deejay,True,False,False,False,True,False,2010,"September. Released 2010, September",83.0,103,44,15,1.77,21.8,128,160,None,116,None,None
BLU369,Deejay Flip,True,False,False,False,True,False,2011,"July. Released 2011, Q3",70.0,92,44.5,18,2.0,30.7,176,220,None,141,None,None
BLU369,Deejay II,True,False,False,False,True,False,2011,"February. Released 2011, April",120.0,105,58,14,None,None,None,None,None,None,None,None
BLU369,Deejay Touch,True,False,False,False,True,False,2011,"July. Released 2011, Q3",70.0,96,56.2,13.5,2.6,38.8,240,320,4:3,154,None,None
BLU369,Diamond M,True,True,False,False,False,False,2016,"August. Released 2016, August",162.0,144.5,71.5,12,5.0,66.7,480,854,16:9,196,Android 6.0 ,4
BLU369,Diesel 3G,True,True,False,False,False,False,2011,"February. Released 2011, Q2",90.0,107.5,45,13.3,None,None,None,None,None,None,None,None
BLU369,Disco2GO II,True,False,False,False,True,False,2010,"September. Released 2010, Q4",102.0,111,58,14,2.0,19.2,240,320,4:3,200,None,None
BLU369,Diva,True,False,False,False,True,False,2013,"April. Released 2013, April",90.0,119,51,14,2.4,29.4,240,320,4:3,167,None,None
BLU369,Diva X,True,False,False,False,True,True,2013,"April. Released 2013, May",95.0,127,55,13.5,2.8,34.8,240,320,4:3,143,None,None
BLU369,Dual SIM Lite,True,False,False,False,False,False,2010,"January. Released 2010, January",83.0,98,41,12.5,1.77,24.5,128,160,None,116,None,None
BLU369,EZ2Go,True,False,False,False,True,False,2010,"June. Released 2010, June",120.0,120,56,14.6,None,None,None,None,None,None,None,None
BLU369,Electro,True,False,False,False,True,False,2011,"July. Released 2011, Q3",68.0,104,53,13.5,2.2,27.2,240,320,4:3,182,None,None
BLU369,Elite 3.8,True,True,False,False,False,False,2012,"July. Released 2012, August",137.0,120,60,11.3,3.8,57.1,480,800,5:3,246,Android 2.3 ,None
BLU369,Energy Diamond,True,True,False,False,False,False,2016,"August. Released 2016, August",184.0,147.5,71.5,12.7,5.0,65.3,480,854,16:9,196,Android 6.0 ,4
BLU369,Energy Diamond Mini,True,True,False,False,False,False,2016,"July. Released 2016, July",142.0,131.5,63.8,11.3,4.0,54.3,480,800,5:3,233,Android 5.1 ,4
BLU369,Energy JR,True,False,False,False,True,True,2016,"June. Released 2016, June",136.0,131.5,63.8,11.3,4.0,54.3,480,800,5:3,233,Android 4.4.2 ,2
BLU369,Energy M,True,True,False,False,False,False,2016,"August. Released 2016, August",136.0,146.5,73.2,10.5,5.0,64.2,480,854,16:9,196,Android 6.0 ,4
BLU369,Energy X,True,True,False,False,False,False,2015,"September. Released 2015, September",154.0,142,70,8.9,5.0,69.3,720,1280,16:9,294,Android 5.1 ,4
BLU369,Energy X 2,True,True,False,False,False,False,2016,"February. Released 2016, February",190.0,143.5,71,9.6,5.0,67.6,720,1280,16:9,294,Android 5.1 ,4
BLU369,Energy X LTE,True,True,True,False,False,False,2016,"March. Released 2016, March",183.0,143,69.9,8.5,5.0,68.9,720,1280,16:9,294,Android 5.1 ,4
BLU369,Energy X Plus,True,True,False,False,False,False,2015,"July. Released 2015, July",169.0,150.5,76.5,8,5.5,72.4,720,1280,16:9,267,Android 5.0 ,4
BLU369,Energy X Plus 2,True,True,False,False,False,False,2016,"November. Released 2016, December",172.0,154.3,77.5,9.6,5.5,69.7,720,1280,16:9,267,Android 6.0 ,4
BLU369,Energy XL,True,True,True,False,False,False,2016,"July. Released 2016, July",208.0,160.9,81.2,8.4,6.0,76.0,1080,1920,16:9,367,Android 5.1 ,8
BLU369,F91,True,True,True,True,False,False,2022,April 20,209.0,168.7,76.8,8.9,6.8,84.8,1080,2460,None,395,Android 11,8
BLU369,F92e,True,True,True,True,False,False,2023,January 19,202.0,164.7,76,8.9,6.5,81.5,720,1600,20:9,270,Android 12,8
BLU369,Flash,True,True,False,False,False,False,2010,"September. Released 2010, September",82.0,109,46,13.5,2.0,24.7,240,320,4:3,200,None,None
BLU369,G33,True,True,True,False,False,False,2023,June,215.0,159.4,78.3,10.4,6.26,81.0,480,960,18:9,171,Android 13 ,8
BLU369,G40,True,True,True,False,False,False,2022,June,203.0,163.4,78.8,10.8,6.0,72.2,720,1440,18:9,268,Android 11,4
BLU369,G5,True,True,True,False,False,False,2019,July,187.0,150.5,71.5,10.4,5.5,72.5,720,1440,18:9,293,Android 9.0 ,8
BLU369,G5 Plus,True,True,True,False,False,False,2019,July,181.0,161.4,78,9.6,6.0,73.8,720,1440,18:9,268,Android 9.0 ,8
BLU369,G50,True,True,True,False,False,False,2020,September 18,190.0,147.8,70.9,10.1,5.5,74.5,720,1440,18:9,293,Android 10,8
BLU369,G50 Mega,True,True,True,False,False,False,2020,November,190.0,156.1,72.5,9.3,6.5,90.1,720,1600,20:9,270,Android 10,8
BLU369,G50 Mega 2022,True,True,True,False,False,False,2022,April,188.0,156.1,72.5,9.3,6.5,90.1,720,1600,20:9,270,Android 11,4
BLU369,G50 Plus,True,True,True,False,False,False,2020,September 22,180.0,158.7,76,9.1,6.2,79.5,720,1520,19:9,271,Android 10,8
BLU369,G51,True,True,True,False,False,False,2022,June 03,166.0,155.3,73.5,9.5,6.1,81.4,720,1520,19:9,276,Android 11 ,4
BLU369,G51 Plus,True,True,True,False,False,False,2021,May 22,200.0,165,76.5,9.3,6.5,80.8,720,1600,20:9,270,Android 11,8
BLU369,G51S,True,True,True,False,False,False,2022,January,185.0,162.4,77.5,9,6.4,79.9,720,1560,5:9,268,Android 11 ,8
BLU369,G52L,True,True,True,False,False,False,2023,January,195.0,164.5,76,9.2,6.5,81.6,720,1600,20:9,270,Android 12,8
BLU369,G53,True,True,True,False,False,False,2023,June,200.0,164.8,75.8,8.9,6.5,81.7,720,1600,20:9,270,Android 13,4
BLU369,G6,True,True,True,False,False,False,2019,July,160.0,153,73.4,9.1,5.7,74.7,720,1440,18:9,282,Android 9.0 ,8
BLU369,G60,True,True,True,False,False,False,2020,January,170.0,156.5,73.6,9.5,6.1,80.6,720,1520,19:9,276,Android 9.0 ,8
BLU369,G61,True,True,True,False,False,False,2021,February 09,196.0,164.6,75.8,9.3,6.5,81.8,720,1600,20:9,270,Android 10,8
BLU369,G61s,True,True,True,False,False,False,2022,April,164.0,159.5,76.5,9.8,6.5,83.6,720,1600,20:9,270,Android 11,8
BLU369,G63,True,True,True,False,False,False,2023,June,230.0,173,78,9.2,6.8,82.7,720,1600,20:9,258,Android 13,8
BLU369,G70,True,True,True,False,False,False,2020,January,182.0,156.8,75,8.6,6.4,85.5,720,1560,5:9,268,Android 9.0 ,8
BLU369,G71,True,True,True,False,False,False,2021,February 19,194.0,165,76.6,8.9,6.5,80.7,720,1600,20:9,270,Android 10,8
BLU369,G71+,True,True,True,False,False,False,2022,January,175.0,160.2,76.7,9,6.5,83.0,720,1600,20:9,270,Android 11,8
BLU369,G71L,True,True,True,False,False,False,2022,January,198.0,164.4,75.9,9.6,6.5,81.7,720,1600,20:9,270,Android 11,8
BLU369,G72 Max,True,True,True,False,False,False,2023,February 04,209.0,168.3,78.8,9.9,6.8,84.2,720,1600,20:9,258,Android 12,8
BLU369,G73,True,True,True,False,False,False,2023,June,210.0,168.3,78.8,9.9,6.8,84.2,720,1600,20:9,258,Android 13,8
BLU369,G8,True,True,True,False,False,False,2019,July,181.0,161.4,78,9.6,6.3,78.7,720,1520,19:9,267,Android 9.0 ,8
BLU369,G80,True,True,True,False,False,False,2020,June 24,185.0,163.9,75.5,8.4,6.5,82.4,720,1600,20:9,270,Android 10,8
BLU369,G9,True,True,True,False,False,False,2019,May,165.0,155.4,71.8,8,6.3,88.8,720,1520,19:9,267,Android 9.0 ,8
BLU369,G9 Pro,True,True,True,False,False,False,2019,August,183.0,157,75.1,8.6,6.3,82.6,1080,2340,5:9,409,Android 9.0 ,8
BLU369,G90,True,True,True,False,False,False,2020,June 24,185.0,164.6,76.5,8.8,6.5,81.0,720,1600,20:9,270,Android 10,8
BLU369,G90 Pro,True,True,True,False,False,False,2020,August 25,215.0,162,77,10.1,6.5,83.1,1080,2340,5:9,396,Android 10,8
BLU369,G91,True,True,True,False,False,False,2021,February 24,196.0,163,76,9,6.5,82.3,720,1600,20:9,270,Android 10,8
BLU369,G91 Max,True,True,True,False,False,False,2022,February 23,213.0,168.6,77,8.9,6.8,84.6,1080,2460,None,395,Android 11,8
BLU369,G91 Pro,True,True,True,False,False,False,2021,August 26,201.0,165.2,76.9,8.9,6.7,85.3,1080,2400,20:9,393,Android 11,8
BLU369,G91s,True,True,True,False,False,False,2021,December 07,202.0,168,76.5,8.9,6.8,85.4,1080,2460,None,395,Android 11,8
BLU369,G93,True,True,True,False,False,False,2023,June,210.0,168.7,76.7,9,6.78,84.4,1080,2460,None,396,Android 13,8
BLU369,Gol,True,False,False,False,True,False,2010,"June. Released 2010, June",92.0,102,45,12.8,None,None,None,None,None,None,None,None
BLU369,Grand 5.5 HD,True,True,False,False,False,False,2016,"July. Released 2016, July",188.0,155.2,79,9.6,5.5,68.0,720,1280,16:9,267,Android 6.0 ,4
BLU369,Grand 5.5 HD II,True,True,False,False,False,False,2017,"November. Released 2017, November",170.0,155.2,78.2,8.4,5.5,68.7,720,1280,16:9,267,Android 7.0 ,4
BLU369,Grand Energy,True,True,False,False,False,False,2017,"January. Released 2017, January",190.0,145.7,72.8,11,5.0,65.0,720,1280,16:9,294,Android 6.0 ,4
BLU369,Grand M,True,True,False,False,False,False,2017,"January. Released 2017, January",171.0,144.9,72.1,9.4,5.0,65.9,480,854,16:9,196,Android 6.0 ,4
BLU369,Grand M2,True,True,False,False,False,False,2017,"October. Released 2017, October",160.0,144.9,72.1,9.4,5.2,71.3,480,854,16:9,188,Android 7.0 ,4
BLU369,Grand M2 (2018),True,True,False,False,False,False,2018,October,160.0,144.9,72.1,9.4,5.2,71.4,720,1280,16:9,282,Android 8.1 Oreo ,4
BLU369,Grand M2 LTE,True,True,True,False,False,False,2017,"October. Released 2017, October",160.0,144.9,72.1,9.4,5.2,71.3,480,854,16:9,188,Android 7.0 ,4
BLU369,Grand M3,True,True,True,False,False,False,2018,June,154.0,149.1,70.5,9.8,5.34,70.0,480,960,18:9,201,Android 8.1 Oreo ,4
BLU369,Grand Max,True,True,False,False,False,False,2017,"January. Released 2017, January",154.0,145,72.1,7.8,5.0,65.9,720,1280,16:9,294,Android 6.0 ,4
BLU369,Grand Mini,True,True,False,False,False,False,2017,"August. Released 2017, August",132.0,132,66,8.6,4.5,64.1,480,854,16:9,218,Android 6.0 ,2
BLU369,Grand X,True,True,False,False,False,False,2017,"January. Released 2017, January",165.0,145.8,72.9,9.1,5.0,64.8,720,1280,16:9,294,Android 6.0 ,4
BLU369,Grand X LTE,True,True,True,False,False,False,2017,"June. Released 2017, June",168.0,147.2,72,8.9,5.0,65.0,720,1280,16:9,294,Android 7.0 ,4
BLU369,Grand XL,True,True,False,False,False,False,2017,"June. Released 2017, June",187.0,157.5,78.6,9.1,5.5,67.4,720,1280,16:9,267,Android 7.0 ,4
BLU369,Grand XL LTE,True,True,True,False,False,False,2017,"August. Released 2017, August",182.0,157.6,78.8,8.5,5.5,67.1,720,1280,16:9,267,Android 7.0 ,4
BLU369,Hero,True,False,False,False,True,False,2011,"November. Released 2011, December",90.0,104,57,13,2.8,41.0,240,320,4:3,143,None,None
BLU369,Hero II,True,False,False,False,True,True,2012,"December. Released 2013, January",90.0,114,60,11.6,3.5,53.3,320,480,3:2,165,None,None
BLU369,J2,True,True,False,False,False,False,2019,December,146.0,144,73.1,10.3,5.0,65.4,480,854,16:9,196,Android 8.1 Oreo ,4
BLU369,J4,True,True,False,False,False,False,2019,October,158.0,151,72.3,10,5.5,71.5,720,1440,18:9,293,Android 8.1 Oreo ,4
BLU369,J5L,True,True,True,False,False,False,2020,October,155.0,144,72.3,11.2,5.0,66.2,720,1280,16:9,294,Android 10 ,4
BLU369,J6,True,True,False,False,False,False,2019,December,185.0,159.6,76.6,9.1,6.0,76.0,720,1440,18:9,268,Android 8.1 Oreo ,4
BLU369,J6 2020,True,True,False,False,False,False,2020,October,227.0,160.7,78.4,10.3,6.0,73.7,720,1440,18:9,268,Android 10 ,4
BLU369,J6S,True,True,False,False,False,False,2022,July 07,161.0,152.9,73.3,9.7,6.1,81.5,720,1560,5:9,282,Android 11 ,4
BLU369,J7L,True,True,True,False,False,False,2020,October,173.0,155,74.7,10.9,5.7,72.4,720,1440,18:9,282,Android 10 ,4
BLU369,J9L,True,True,True,False,False,False,2021,June,191.0,161.6,76.9,9.7,6.0,74.8,480,960,18:9,179,Android 11 ,8
BLU369,Jenny,True,False,False,False,True,False,2012,"June. Released 2012, June",73.0,110,45,14,1.8,20.6,128,160,None,114,None,None
BLU369,Jenny TV,True,False,False,False,True,True,2012,"June. Released 2012, August",88.0,119,49,14,2.4,30.6,240,320,4:3,167,None,None
BLU369,Jenny TV 2.8,True,False,False,False,True,False,2013,"August. Released 2013, September",90.0,128,55.7,12.5,2.8,34.1,240,320,4:3,143,None,None
BLU369,Kick,True,False,False,False,True,False,2010,"June. Released 2010, June",92.0,102,45,12.8,None,None,None,None,None,None,None,None
BLU369,Life 8,True,True,False,False,False,False,2014,"May. Released 2014, May",136.0,145,69.8,7.5,5.0,68.1,720,1280,16:9,294,Android 4.2.2 ,8
BLU369,Life 8 XL,True,True,False,False,False,False,2015,"May. Released 2015, May",149.0,155,74.8,7.7,5.5,71.9,720,1280,16:9,267,Android 4.4.2 ,8
BLU369,Life Mark,True,True,True,False,False,False,2016,"March. Released 2016, March",150.0,142.4,72,9.5,5.0,67.2,720,1280,16:9,294,Android 5.1 ,4
BLU369,Life Max,True,True,True,False,False,False,2016,"November. Released 2016, November",153.0,154.5,77.1,8.7,5.5,70.0,720,1280,16:9,267,Android 6.0 ,4
BLU369,Life One,True,True,False,False,False,False,2013,"March. Released 2013, April",145.0,144,73,8.9,5.0,65.6,720,1280,16:9,294,Android 4.2 ,4
BLU369,Life One (2015),True,True,True,False,False,False,2015,"January. Released 2015, April",120.0,143.5,72.1,7.5,5.0,66.6,720,1280,16:9,294,Android 4.4.2 ,4
BLU369,Life One M,True,True,False,False,False,False,2014,"January. Released 2014, January",144.0,144,74,9,5.0,64.7,720,1280,16:9,294,Android 4.2 ,4
BLU369,Life One X,True,True,False,False,False,False,2014,"January. Released 2014, January",133.0,143.5,71.6,8.6,5.0,67.1,1080,1920,16:9,441,Android 4.2.1 ,4
BLU369,Life One X (2016),True,True,True,False,False,False,2015,"December. Released 2015, December",141.0,149.5,73.6,8.6,5.2,67.7,1080,1920,16:9,424,Android 5.1 ,8
BLU369,Life One X2,True,True,True,False,False,False,2016,"September. Released 2016, September",166.0,148,72.4,9.5,5.2,69.6,1080,1920,16:9,424,Android 6.0.1 ,8
BLU369,Life One X2 Mini,True,True,True,False,False,False,2017,"January. Released 2017, January",152.0,142,69.6,8.7,5.0,69.7,1080,1920,16:9,441,Android 6.0 ,8
BLU369,Life One X3,True,True,True,False,False,False,2017,"November. Released 2017, November",182.0,154,75.3,8.9,5.5,71.9,1080,1920,16:9,401,Android 7.0 ,8
BLU369,Life One XL,True,True,True,False,False,False,2015,"January. Released 2015, April",151.0,156,78,8.3,5.5,68.5,720,1280,16:9,267,Android 4.4.2 ,4
BLU369,Life Play,True,True,False,False,False,False,2013,"March. Released 2013, April",125.0,137,68.4,7.9,4.7,65.0,720,1280,16:9,312,Android 4.2 ,4
BLU369,Life Play Mini,True,True,False,False,False,False,2014,"October. Released 2014, October",106.0,127,64.4,9.4,4.0,55.7,480,800,5:3,233,Android 4.4.2 ,2
BLU369,Life Play S,True,True,False,False,False,False,2014,"January. Released 2014, January",109.0,137.5,67.5,7.8,4.7,65.6,720,1280,16:9,312,Android 4.2 ,4
BLU369,Life Play X,True,True,False,False,False,False,2013,"December. Released 2014, January",125.0,137,68.4,7.9,4.7,65.0,720,1280,16:9,312,Android 4.2 ,4
BLU369,Life Pro,True,True,False,False,False,False,2013,"November. Released 2013, November",158.0,147,72.1,6.9,5.0,65.0,720,1280,16:9,294,Android 4.2 ,4
BLU369,Life Pure,True,True,False,False,False,False,2013,"December. Released 2013, December",128.0,142,69.4,7.7,5.0,69.9,1080,1920,16:9,441,Android 4.2 ,4
BLU369,Life Pure Mini,True,True,False,False,False,False,2014,"February. Released 2014, February",149.0,130,64.4,8.9,4.5,66.7,720,1280,16:9,326,Android 4.2 ,4
BLU369,Life Pure XL,True,True,False,False,False,False,2014,"April. Released 2014, May",152.0,150.6,75,9.5,5.5,73.8,1080,1920,16:9,401,Android 4.2.2 ,4
BLU369,Life View,True,True,False,False,False,False,2013,"March. Released 2013, April",220.0,161,82.5,8.9,5.7,67.4,720,1280,16:9,258,Android 4.2 ,4
BLU369,Life View 8.0,True,True,False,False,False,False,2014,"October. Released 2014, October",350.0,200,135.2,8.5,8.0,73.3,768,1024,4:3,160,Android 4.4.2 ,4
BLU369,Life View Tab,True,True,False,False,False,False,2014,"January. Released 2014, January",404.0,205,138.2,9,8.0,70.0,768,1024,4:3,160,Android 4.2 ,4
BLU369,Life X8,True,True,False,False,False,False,2015,"July. Released 2015, July",149.0,140.7,70.2,9.3,5.0,69.8,720,1280,16:9,294,Android 4.4.2 ,8
BLU369,Life XL,True,True,True,False,False,False,2016,"January. Released 2016, January",168.0,155.4,79.3,8.5,5.5,67.7,720,1280,16:9,267,Android 5.1 ,4
BLU369,Lindy,True,False,False,False,True,False,2011,"July. Released 2011, Q3",50.0,101,56.2,13.7,1.77,17.4,160,128,None,116,None,None
BLU369,M7L,True,True,True,False,False,False,2021,February 09,286.0,194.4,109.2,11,7.0,58.4,600,1240,5:9,197,Android 10 ,8
BLU369,M8L,True,True,True,False,False,False,2020,August,352.0,208,125,9,8.0,71.4,800,1280,16:10,189,Android 11 ,8
BLU369,M8L 2022,True,True,True,False,False,False,2022,February,360.0,209,126,10.6,8.0,70.5,800,1280,16:10,189,Android 11 ,4
BLU369,M8L Plus,True,True,True,False,False,False,2020,August,383.0,208,123.7,10.5,8.0,72.1,800,1280,16:10,189,Android 11 ,8
BLU369,Magic,True,True,False,False,False,False,2011,"February. Released 2011, April",,111,58,13.5,3.2,47.4,320,480,3:2,180,Android 2.2 ,None
BLU369,Neo,True,False,False,False,True,False,2011,"August. Released 2012, Q1",120.0,96,54,12.8,2.8,46.8,240,320,4:3,143,None,None
BLU369,Neo 3.5,True,True,False,False,False,False,2014,"April. Released 2014, May",101.0,117,62,11,3.5,50.3,320,480,3:2,165,Android 4.2 ,2
BLU369,Neo 4.5,True,True,False,False,False,False,2014,"April. Released 2014, May",135.0,136,63,10.5,4.5,65.1,480,854,16:9,218,Android 4.2 ,2
BLU369,Neo Pro,True,False,False,False,True,True,2011,"August. Released Exp. release 2012, Q1",120.0,101,55,16.5,2.8,43.7,240,320,4:3,143,None,None
BLU369,Neo X,True,True,False,False,False,False,2016,"May. Released 2016, May",151.0,143,73.8,9.8,5.0,65.3,480,854,16:9,196,Android 5.1 ,4
BLU369,Neo X LTE,True,True,True,False,False,False,2016,"August. Released 2016, August",169.0,146.1,73.8,7.5,5.0,63.9,480,854,16:9,196,Android 6.0 ,4
BLU369,Neo X Mini,True,True,False,False,False,False,2016,"July. Released 2016, July",151.0,143,73.8,9.8,4.5,52.9,480,854,16:9,218,Android 6.0 ,4
BLU369,Neo X Plus,True,True,False,False,False,False,2016,"February. Released 2016, February",162.0,152.6,77.9,8.3,5.5,70.2,720,1280,16:9,267,Android 5.1 ,4
BLU369,Neo XL,True,True,False,False,False,False,2016,"March. Released 2016, March",183.0,162,84.5,8.5,6.0,72.5,720,1280,16:9,245,Android 5.1 ,4
BLU369,Neo XT,True,False,False,False,True,True,2011,"August. Released 2012, Q1",120.0,96,58,12.8,3.0,46.0,240,400,5:3,155,None,None
BLU369,Pure View,True,True,True,False,False,False,2018,February,184.0,152.4,71.7,8.1,5.7,76.7,720,1440,18:9,282,Android 7.0 ,8
BLU369,Pure XL,True,True,True,False,False,False,2015,"September. Released 2015, September",207.0,164,82.2,9.3,6.0,73.6,1440,2560,16:9,490,Android 5.1 ,8
BLU369,Pure XR,True,True,True,False,False,False,2016,"August. Released 2016, August",147.2,154.3,74.9,7,5.5,72.2,1080,1920,16:9,401,Android 6.0 ,8
BLU369,Quattro 4.5,True,True,False,False,False,False,2013,"February. Released 2013, February",145.0,133,67,10.8,4.5,62.6,540,960,16:9,245,Android 4.0 ,4
BLU369,Quattro 4.5 HD,True,True,False,False,False,False,2013,"February. Released 2013, February",148.0,134,67,10.3,4.5,62.2,720,1280,16:9,326,Android 4.0 ,4
BLU369,Quattro 5.7 HD,True,True,False,False,False,False,2013,"February. Released 2013, February",243.0,161.2,82.9,10.6,None,None,720,1280,16:9,258,Android 4.0 ,4
BLU369,R1 HD,True,True,True,False,False,False,2016,"June. Released 2016, June",142.0,143.5,72,8.7,5.0,66.7,720,1280,16:9,294,Android 6.0 ,4
BLU369,R1 Plus,True,True,True,False,False,False,2017,"April. Released 2017, April",191.0,153,76.6,10.5,5.5,71.2,720,1280,16:9,267,Android 6.0 ,4
BLU369,R2,True,True,False,False,False,False,2017,"July. Released 2017, July",156.0,150.3,74.3,9.6,5.2,66.8,720,1280,16:9,282,Android 7.0 ,4
BLU369,R2 LTE,True,True,True,False,False,False,2017,"July. Released 2017, July",156.0,150.3,74.3,9.6,5.2,66.8,720,1280,16:9,282,Android 7.0 ,4
BLU369,R2 Plus,True,True,True,False,False,False,2017,"November. Released 2017, November",167.0,155.7,77,9.2,5.5,69.6,1080,1920,16:9,401,Android 7.0 ,8
BLU369,S1,True,True,True,False,False,False,2017,"September. Released 2017, September",137.0,147.3,72.8,8.4,5.2,69.5,720,1280,16:9,282,Android 7.0 ,8
BLU369,S91,True,True,True,False,False,False,2022,June 24,202.0,164.8,76.3,8.9,6.5,81.1,720,1600,20:9,270,Android 11,8
BLU369,S91 Pro,True,True,True,False,False,False,2022,July,202.0,164.7,76,8.9,6.5,81.5,720,1600,20:9,270,Android 12,8
BLU369,Samba,True,False,False,False,True,False,2010,"June. Released 2010, June",96.0,111,56,14,None,None,None,None,None,None,None,None
BLU369,Samba Elite,True,False,False,False,True,False,2011,"July. Released 2011, Q3",69.0,102,56,13.5,2.0,22.0,160,128,None,102,None,None
BLU369,Samba JR,True,False,False,False,True,False,2011,"July. Released 2011, Q3",75.0,99.3,55.9,13.8,1.77,17.8,160,128,None,116,None,None
BLU369,Samba Mini,True,False,False,False,True,False,2010,"September. Released 2010, Q4",76.0,99.5,58,12,2.0,21.5,240,320,4:3,200,None,None
BLU369,Samba Q,True,False,False,False,True,False,2011,"February. Released 2011, April",120.0,105,58,14,None,None,None,None,None,None,None,None
BLU369,Samba TV,True,False,False,False,True,False,2013,"May. Released 2013, May",80.0,107.8,59.8,14,2.0,19.5,176,220,None,141,None,None
BLU369,Samba W,True,False,False,False,True,True,2013,"August. Released 2013, August",80.0,107.8,59.8,14,2.0,19.5,176,220,None,141,None,None
BLU369,Selfie,True,True,False,False,False,False,2015,"April. Released 2015, April",136.0,146,66.3,9.6,4.7,62.9,720,1280,16:9,312,Android 4.4.2 ,8
BLU369,Slim TV,True,False,False,False,True,False,2010,"September. Released 2010, September",102.0,109,45,9.9,2.2,30.6,240,320,4:3,182,None,None
BLU369,Smart,True,True,False,False,False,False,2010,"September. Released 2010, October",102.0,104,55,12.2,None,None,None,None,None,None,None,None
BLU369,Spark,True,False,False,False,True,False,2011,"July. Released 2011, Q3",59.0,92,52,15,2.4,37.3,240,320,4:3,167,None,None
BLU369,Speed,True,True,False,False,False,False,2010,"October. Released 2010, October",123.0,109,62,15,2.44,27.3,360,480,4:3,246,None,None
BLU369,Sport 4.5,True,True,False,False,False,False,2014,"October. Released 2014, October",157.0,134.6,67,10.8,4.5,61.9,480,854,16:9,218,Android 4.4.2 ,4
BLU369,Studio 5.0,True,True,False,False,False,False,2013,"April. Released 2013, May",170.0,144,74,10.7,5.0,66.8,480,800,5:3,187,Android 4.1 ,2
BLU369,Studio 5.0 C,True,True,False,False,False,False,2014,"August. Released 2014, August",170.0,145,73,9.7,5.0,65.1,480,854,16:9,196,Android 4.4.2 ,2
BLU369,Studio 5.0 C HD,True,True,False,False,False,False,2014,"August. Released 2014, August",166.0,146,74,9.3,5.0,63.8,720,1280,16:9,294,Android 4.4.2 ,4
BLU369,Studio 5.0 CE,True,False,False,False,True,True,2014,"August. Released 2014, August",171.0,145,73,9.7,5.0,65.1,480,854,16:9,196,Android 4.4.2 ,2
BLU369,Studio 5.0 E,True,False,False,False,True,True,2014,"January. Released 2014, January",174.0,146,74,10.1,5.0,63.8,480,854,16:9,196,Android 4.2 ,2
BLU369,Studio 5.0 HD LTE,True,True,True,False,False,False,2014,"December. Released 2014, December",164.0,145.7,72,9,5.0,65.7,720,1280,16:9,294,Android 4.4.2 ,4
BLU369,Studio 5.0 II,True,True,False,False,False,False,2013,"December. Released 2013, December",155.0,146,73,9.7,5.0,64.6,480,854,16:9,196,Android 4.2 ,2
BLU369,Studio 5.0 LTE,True,True,True,False,False,False,2014,"April. Released 2014, May",162.0,145.5,72.5,9,5.0,65.3,540,960,16:9,220,Android 4.2 ,4
BLU369,Studio 5.0 S,True,True,False,False,False,False,2013,"April. Released 2013, May",170.0,143,72,8.9,5.0,66.9,540,960,16:9,220,Android 4.1.2 ,4
BLU369,Studio 5.0 S II,True,True,False,False,False,False,2014,"January. Released 2014, February",155.0,145,70.9,8.3,5.0,67.0,540,960,16:9,220,Android 4.2 ,4
BLU369,Studio 5.3,True,True,False,False,False,False,2011,"December. Released 2012, January",192.0,150,81,10.9,5.3,65.8,480,800,5:3,176,Android 2.3 ,None
BLU369,Studio 5.3 II,True,True,False,False,False,False,2013,"February. Released 2013, February",210.0,150,77,10.8,5.3,67.0,540,960,16:9,208,Android 4.1 ,2
BLU369,Studio 5.3 S,True,True,False,False,False,False,2013,"April. Released 2013, May",190.0,153,78,9.2,5.3,64.9,540,960,16:9,208,Android 4.1.2 ,4
BLU369,Studio 5.5,True,True,False,False,False,False,2013,"September. Released 2013, October",184.0,157,79.5,9.5,5.5,66.8,480,854,16:9,178,Android 4.2 ,4
BLU369,Studio 5.5 HD,True,True,False,False,False,False,2016,"March. Released 2016, March",183.0,153.8,77.4,9.1,5.5,70.1,720,1280,16:9,267,Android 5.1 ,4
BLU369,Studio 5.5 S,True,True,False,False,False,False,2014,"January. Released 2014, February",166.0,156,77.6,8.9,5.5,68.9,540,960,16:9,200,Android 4.2 ,4
BLU369,Studio 5.5C,True,True,False,False,False,False,2015,"May. Released 2015, May",178.0,155,79,9.9,5.5,68.1,480,854,16:9,178,Android 4.4 ,4
BLU369,Studio 6.0 HD,True,True,False,False,False,False,2014,"April. Released 2014, April",206.0,168,83,8.5,6.0,71.2,720,1280,16:9,245,Android 4.2 ,4
BLU369,Studio 6.0 LTE,True,True,True,False,False,False,2014,"December. Released 2014, December",177.0,163.5,81.4,9.2,6.0,74.6,1080,1920,16:9,367,Android 4.4.2 ,4
BLU369,Studio 7.0,True,True,False,False,False,False,2014,"November. Released 2014, November",299.0,187.5,103,9.4,7.0,71.4,600,1024,16:9,170,Android 4.4.2 ,2
BLU369,Studio 7.0 II,True,True,False,False,False,False,2015,"August. Released 2015, August",248.0,194,107,9.3,7.0,66.4,600,1024,16:9,170,Android 5.0 ,4
BLU369,Studio 7.0 LTE,True,True,True,False,False,False,2015,"October. Released 2015, October",266.0,190,99.8,8.5,7.0,71.2,720,1280,16:9,210,Android 5.1 ,4
BLU369,Studio C,True,True,False,False,False,False,2015,"May. Released 2015, May",172.0,144,72.4,9.4,5.0,66.1,720,1280,16:9,294,Android 5.0 ,4
BLU369,Studio C 5 + 5,True,True,False,False,False,False,2015,"July. Released 2015, July",157.0,143,71.8,9,5.0,67.1,480,854,16:9,196,Android 5.0 ,4
BLU369,Studio C 5 + 5 LTE,True,True,True,False,False,False,2015,"July. Released 2015, August",157.0,143,71.8,9,5.0,67.1,480,854,16:9,196,Android 5.0 ,4
BLU369,Studio C 8+8,True,True,False,False,False,False,2016,"August. Released 2016, August",152.0,144.4,72.5,8.5,5.0,65.8,720,1280,16:9,294,Android 6.0 ,4
BLU369,Studio C 8+8 LTE,True,True,True,False,False,False,2016,"August. Released 2016, August",143.0,144.4,72.5,8.5,5.0,65.8,720,1280,16:9,294,Android 6.0 ,4
BLU369,Studio C HD,True,True,False,False,False,False,2016,"January. Released 2016, January",176.0,144.7,71.2,10.2,5.0,66.9,720,1280,16:9,294,Android 5.1 ,4
BLU369,Studio C Mini,True,True,False,False,False,False,2014,"August. Released 2014, August",156.0,138,71.5,9.5,4.7,63.7,480,800,5:3,199,Android 4.4.2 ,4
BLU369,Studio C Super Camera,True,True,False,False,False,False,2015,"August. Released 2015, August",126.0,143,71,8.5,5.0,67.9,720,1280,16:9,294,Android 5.0 ,4
BLU369,Studio Energy,True,True,False,False,False,False,2015,"January. Released 2015, January",180.0,144.5,71.5,10.4,5.0,66.7,720,1280,16:9,294,Android 4.4.2 ,4
BLU369,Studio Energy 2,True,True,True,False,False,False,2015,"October. Released 2015, October",176.0,144,71.2,10.1,5.0,67.2,720,1280,16:9,294,Android 5.0 ,4
BLU369,Studio G,True,True,False,False,False,False,2015,"January. Released 2015, January",156.0,143,73.2,9.9,5.0,65.8,480,854,16:9,196,Android 4.4.2 ,4
BLU369,Studio G HD,True,True,False,False,False,False,2016,"February. Released 2016, February",133.0,143.3,71.5,8.4,5.0,67.3,720,1280,16:9,294,Android 5.1 ,4
BLU369,Studio G HD LTE,True,True,True,False,False,False,2016,"August. Released 2016, August",145.0,145,72,9.4,5.0,66.0,720,1280,16:9,294,Android 6.0 ,4
BLU369,Studio G LTE,True,True,True,False,False,False,2015,"October. Released 2015, October",149.0,143,72,8.9,5.0,66.9,480,854,16:9,196,Android 5.1 ,4
BLU369,Studio G Max,True,True,False,False,False,False,2016,"November. Released 2016, November",146.0,148.4,73.9,8.1,5.2,68.0,720,1280,16:9,282,Android 6.0 ,4
BLU369,Studio G Mini,True,True,False,False,False,False,2017,"August. Released 2017, August",121.0,133.6,67.8,10,4.5,61.6,480,854,16:9,218,Android 6.0 ,2
BLU369,Studio G Plus,True,True,False,False,False,False,2015,"November. Released 2015, November",154.0,155.5,78.8,9.6,5.5,68.0,480,854,16:9,178,Android 5.1 ,4
BLU369,Studio G Plus HD,True,True,False,False,False,False,2016,"November. Released 2016, November",189.0,148.7,77.4,8.9,5.5,72.5,720,1280,16:9,267,Android 6.0 ,4
BLU369,Studio G2,True,True,False,False,False,False,2016,"August. Released 2016, August",145.0,145,72,9.4,5.0,66.0,480,854,16:9,196,Android 6.0 ,4
BLU369,Studio G2 HD,True,True,False,False,False,False,2016,"December. Released 2016, December",141.0,146,73.6,10.5,5.0,64.1,720,1280,16:9,294,Android 6.0 ,4
BLU369,Studio G3,True,True,False,False,False,False,2017,"October. Released 2017, October",161.0,149.2,74.3,9.9,5.2,67.2,480,854,16:9,188,Android 7.0 ,4
BLU369,Studio G4,True,True,False,False,False,False,2018,July,126.0,141.5,73.5,8.5,5.2,71.7,720,1280,16:9,282,Android 8.1 Oreo ,4
BLU369,Studio J1,True,True,False,False,False,False,2017,"June. Released 2017, June",135.0,121.5,62.5,10.3,4.0,60.0,480,800,5:3,233,Android 6.0 ,2
BLU369,Studio J2,True,True,False,False,False,False,2017,"May. Released 2017, May",143.0,144.9,72.9,10.4,5.0,65.2,480,854,16:9,196,Android 6.0 ,2
BLU369,Studio J5,True,True,True,False,False,False,2016,"November. Released 2016, November",130.0,142.8,73,9.6,5.0,66.1,720,1280,16:9,294,Android 6.0 ,4
BLU369,Studio J8,True,True,False,False,False,False,2017,"July. Released 2017, July",183.0,155.7,77.6,8.9,5.5,69.0,720,1280,16:9,267,Android 7.0 ,4
BLU369,Studio J8 LTE,True,True,True,False,False,False,2017,"July. Released 2017, July",183.0,155.7,77.6,8.9,5.5,69.0,720,1280,16:9,267,Android 7.0 ,4
BLU369,Studio J8M LTE,True,True,True,False,False,False,2018,February,140.0,145,72,9.4,5.0,66.0,720,1280,16:9,294,Android 7.0 ,4
BLU369,Studio M HD,True,True,False,False,False,False,2016,"February. Released 2016, February",150.0,143.3,72,8.9,5.0,66.8,720,1280,16:9,294,Android 5.1 ,4
BLU369,Studio M LTE,True,True,True,False,False,False,2016,"August. Released 2016, August",155.0,145,72.5,8.5,5.0,65.5,480,854,16:9,196,Android 6.0 ,4
BLU369,Studio Max,True,True,True,False,False,False,2016,"November. Released 2016, November",169.0,153.8,75.6,8.5,5.5,71.7,1080,1920,16:9,401,Android 6.0 ,8
BLU369,Studio Mega,True,True,False,False,False,False,2017,"June. Released 2017, June",196.0,166.2,83.9,9.5,6.0,71.2,720,1280,16:9,245,Android 7.0 ,4
BLU369,Studio Mega (2018),True,True,False,False,False,False,2018,October,155.0,156.7,75.2,8.4,6.0,78.8,720,1440,18:9,268,Android 8.1 Oreo ,4
BLU369,Studio Mega 2019,True,True,True,False,False,False,2019,September,181.0,161.4,78,9.6,6.0,73.8,720,1440,18:9,268,Android 9.0 ,8
BLU369,Studio Mini,True,True,True,False,False,False,2019,September,187.0,150.5,71.5,10.4,5.5,72.5,720,1440,18:9,293,Android 9.0 ,8
BLU369,Studio Mini LTE,True,True,True,False,False,False,2014,"November. Released 2014, November",145.0,137.1,67.4,10,4.5,60.4,480,854,16:9,218,Android 4.3 ,4
BLU369,Studio One,True,True,True,False,False,False,2016,"February. Released 2016, February",147.0,141.5,71,7.6,5.0,68.6,720,1280,16:9,294,Android 5.1 ,4
BLU369,Studio One Plus,True,True,True,False,False,False,2016,"February. Released 2016, February",175.0,143.5,71.2,8.7,5.5,81.6,1080,1920,16:9,401,Android 5.1 ,8
BLU369,Studio Pro,True,True,False,False,False,False,2017,"August. Released 2017, August",151.0,144.1,72.8,9.9,5.0,65.7,720,1280,16:9,294,Android 7.0 ,4
BLU369,Studio Selfie 2,True,True,False,False,False,False,2016,"May. Released 2016, May",153.0,144.4,72.5,8.5,5.0,65.8,480,854,16:9,196,Android 5.1 ,4
BLU369,Studio Selfie LTE,True,True,True,False,False,False,2017,"March. Released 2017, March",155.0,142.7,72.9,8.8,5.0,66.2,480,854,16:9,196,Android 5.1 ,4
BLU369,Studio Touch,True,True,True,False,False,False,2016,"June. Released 2016, June",141.0,143.2,71.2,8.4,5.0,67.6,720,1280,16:9,294,Android 6.0 ,4
BLU369,Studio View,True,True,False,False,False,False,2018,January,159.0,151,71,9,5.5,72.8,640,1280,18:9,260,Android 7.0 ,4
BLU369,Studio View XL,True,True,False,False,False,False,2018,January,174.0,160.1,74.3,9.3,5.7,70.5,720,1440,18:9,282,Android 7.0 ,4
BLU369,Studio X,True,True,False,False,False,False,2015,"January. Released 2015, January",154.0,144,72,10.5,5.0,66.5,720,1280,16:9,294,Android 4.4.2 ,4
BLU369,Studio X Mini,True,True,True,False,False,False,2016,"March. Released 2016, March",122.0,133.7,65.8,10.8,4.5,63.4,480,854,16:9,218,Android 5.1 ,4
BLU369,Studio X Plus,True,True,False,False,False,False,2015,"January. Released 2015, January",170.0,155.5,76.6,10.6,5.5,70.0,720,1280,16:9,267,Android 4.4.2 ,4
BLU369,Studio X10,True,True,False,False,False,False,2020,August 05,169.0,146,73.5,9.3,5.0,64.2,480,854,16:9,196,Android 10 ,4
BLU369,Studio X10 2022,True,True,False,False,False,False,2022,January,175.0,145.9,73.5,9.8,5.0,64.2,480,854,16:9,196,Android 11 ,4
BLU369,Studio X10+,True,True,False,False,False,False,2021,February 09,167.0,146,72.3,9,5.5,74.0,480,960,18:9,195,Android 10 ,4
BLU369,Studio X10L,True,True,True,False,False,False,2020,August,152.0,142.9,73.1,9.9,5.0,65.9,480,854,16:9,196,Android 11 ,4
BLU369,Studio X10L 2022,True,True,True,False,False,False,2022,July,175.0,145.9,73.5,9.8,5.0,64.2,480,854,16:9,196,Android 11 ,4
BLU369,Studio X12,True,True,False,False,False,False,2021,February 16,189.0,160,77.5,9,6.0,74.9,480,960,18:9,179,Android 10 ,4
BLU369,Studio X5,True,True,True,False,False,False,2022,July,149.0,145,72.4,10.1,5.0,65.6,480,854,16:9,196,Android 11 ,4
BLU369,Studio X5 Max,True,True,True,False,False,False,2022,July,202.0,164.7,76,8.9,5.7,67.0,480,960,18:9,188,Android 11 ,4
BLU369,Studio X8 HD,True,False,False,False,True,True,2016,"May. Released 2016, May",144.0,146,73.6,9.9,5.0,64.1,720,1280,16:9,294,Android 5.1 ,8
BLU369,Studio X8 HD (2019),True,True,False,False,False,False,2019,February,143.0,145.5,74.5,9.8,5.0,63.6,720,1280,16:9,294,Android 8.1 Oreo ,4
BLU369,Studio X9 HD,True,True,False,False,False,False,2020,March 25,144.0,143,73,10.1,5.0,66.0,720,1280,16:9,294,Android 8.1 Oreo ,4
BLU369,Studio XL,True,True,False,False,False,False,2015,"August. Released 2015, August",177.0,165.5,85.3,8.5,6.0,70.3,540,960,16:9,184,Android 5.0 ,4
BLU369,Studio XL2,True,True,True,False,False,False,2016,"November. Released 2016, November",200.0,165.7,83.6,9.1,6.0,71.6,720,1280,16:9,245,Android 6.0 ,4
BLU369,Swing,True,False,False,False,True,False,2011,"July. Released 2011, Q3",47.0,84,42,17.5,1.77,27.9,176,220,None,159,None,None
BLU369,TV2Go,True,False,False,False,True,False,2009,"August. Released 2009, August",87.0,110,48.8,14.2,2.0,23.6,144,176,None,114,None,None
BLU369,TV2Go Lite,True,False,False,False,True,False,2010,"September. Released 2010, September",87.0,110,48.8,14.2,2.0,23.6,144,176,None,114,None,None
BLU369,Tango,True,True,False,False,False,False,2010,"September. Released 2010, Q4",94.0,98.7,55,13,2.8,44.7,240,320,4:3,143,Android 2.2 ,None
BLU369,Tank,True,False,False,False,True,False,2012,"June. Released 2012, June",92.0,114,48,15,1.8,18.6,128,160,None,114,None,None
BLU369,Tank 4.5,True,True,False,False,False,False,2013,"February. Released 2013, February",136.0,134,68.9,9.7,4.5,60.5,540,960,16:9,245,Android 4.1 ,2
BLU369,Tank Xtreme,True,True,True,False,False,False,2020,January,178.0,153.6,71.8,10.2,5.5,70.8,480,960,18:9,195,Android 9.0 ,4
BLU369,Tank Xtreme 2.4,True,False,False,False,True,False,2017,"January. Released 2017, January",139.0,129,58.7,14.4,2.4,23.6,240,320,4:3,167,None,None
BLU369,Tank Xtreme 4.0,True,True,False,False,False,False,2017,"January. Released 2017, January",141.0,130,69,13.9,4.0,50.8,480,800,5:3,233,Android 6.0 ,4
BLU369,Tank Xtreme 5.0,True,True,False,False,False,False,2017,"January. Released 2017, January",181.0,153.5,79.8,13.8,5.0,56.3,720,1280,16:9,294,Android 6.0 ,4
BLU369,Tank Xtreme Pro,True,True,True,False,False,False,2017,"July. Released 2017, July",206.0,146,74.8,13.9,5.0,63.1,720,1280,16:9,294,Android 7.0 ,4
BLU369,Tattoo,True,False,False,False,True,False,2010,"June. Released 2010, June",104.0,111,56,13.7,None,None,None,None,None,None,None,None
BLU369,Tattoo Mini,True,False,False,False,True,False,2011,"July. Released 2011, Q3",54.0,99,55,13,2.0,23.1,220,176,None,141,None,None
BLU369,Tattoo S,True,False,False,False,True,True,2013,"March. Released 2013, March",69.0,102,57.8,8.3,2.0,21.4,176,220,None,141,None,None
BLU369,Tattoo TV,True,False,False,False,True,False,2010,"June. Released 2010, June",104.0,111,56,13.7,None,None,None,None,None,None,None,None
BLU369,Texting 2 GO,True,False,False,False,True,False,2010,"September. Released 2010, Q4",104.0,108,53,14,None,None,None,None,None,None,None,None
BLU369,Touch,True,False,False,False,True,True,2011,"February. Released 2011, Q2",120.0,109,56,12.5,None,None,None,None,None,None,None,None
BLU369,Touch Book 7.0,True,True,False,False,False,False,2011,"August. Released 2011, December",382.0,197,120,13.2,7.0,59.0,480,800,5:3,133,Android 2.2 ,None
BLU369,Touch Book 7.0 Lite,False,False,False,False,False,False,2012,"September. Released 2012, November",340.0,194,120,10,7.0,59.9,480,800,5:3,133,Android 4.0 ,None
BLU369,Touch Book 7.0 Plus,True,True,False,False,False,False,2012,"September. Released 2012, October",388.0,197,120,13,7.0,59.0,480,800,5:3,133,Android 4.0 ,None
BLU369,Touch Book 9.7,False,False,False,False,False,False,2012,"November. Released 2012, November",430.0,238,185,10,9.7,66.2,1024,768,4:3,132,Android 4.0 ,2
BLU369,Touch Book M7,True,True,False,False,False,False,2016,"June. Released 2016, June",,188,107.8,9.9,7.0,68.0,600,1024,16:9,170,Android 5.1 ,4
BLU369,Touchbook G7,True,True,False,False,False,False,2015,"August. Released 2015, August",298.0,197.2,107,8.9,7.0,65.3,600,1024,16:9,170,Android 5.0 ,2
BLU369,Touchbook M7,True,True,False,False,False,False,2017,"July. Released 2017, July",265.0,187.7,107.5,9.7,7.0,68.3,600,1024,16:9,170,Android 6.0 ,4
BLU369,Touchbook M7 Pro,True,True,False,False,False,False,2017,"July. Released 2017, July",275.0,188.4,109.2,9.4,7.0,67.0,600,1024,16:9,170,Android 7.0 ,4
BLU369,Ultra,True,False,False,False,False,False,2011,"February. Released 2011, Q2",,105.5,45,12.7,1.31,10.8,96,64,3:2,88,None,None
BLU369,Vida1,True,False,False,False,True,False,2010,"June. Released 2010, June",87.0,96.8,41,13.5,None,None,None,None,None,None,None,None
BLU369,View 1,True,True,True,False,False,False,2019,November,153.0,142.2,71.1,10.1,5.5,77.2,480,960,18:9,195,Android 9.0 ,4
BLU369,View 2,True,True,True,False,False,False,2020,November,162.0,153.7,71,9.5,5.5,71.5,720,1440,18:9,293,Android 10,8
BLU369,View 3,True,True,True,False,False,False,2021,September,178.0,160.2,76.7,9,6.0,75.6,720,1440,18:9,268,Android 11,8
BLU369,View Mega,True,True,True,False,False,False,2020,April,189.0,167.5,78,9.4,6.0,71.1,720,1440,18:9,268,Android 9.0 ,4
BLU369,Vivo 4.3,True,True,False,False,False,False,2012,"July. Released 2012, September",120.0,128,66,9.3,4.3,62.3,480,800,5:3,217,Android 4.0 ,2
BLU369,Vivo 4.65 HD,True,True,False,False,False,False,2012,"December. Released 2013, January",130.0,135,70,8.6,4.65,63.1,720,1280,16:9,316,Android 4.0 ,2
BLU369,Vivo 4.8 HD,True,True,False,False,False,False,2014,"January. Released 2014, January",135.0,137,70,6.9,4.8,66.2,720,1280,16:9,306,Android 4.2 ,4
BLU369,Vivo 5,True,True,True,False,False,False,2016,"January. Released 2016, February",,151.9,74.6,6.9,5.5,73.6,720,1280,16:9,267,Android 5.1 ,8
BLU369,Vivo 5 Mini,True,True,False,False,False,False,2017,"January. Released 2017, January",119.0,125.2,62,8.5,4.0,58.7,480,800,5:3,233,Android 6.0 ,4
BLU369,Vivo 5R,True,True,True,False,False,False,2016,"September. Released 2016, September",166.0,154.5,75.6,8.3,5.5,71.4,1080,1920,16:9,401,Android 6.0 ,8
BLU369,Vivo 6,True,True,True,False,False,False,2016,"November. Released 2016, November",170.0,154.3,74.9,7,5.5,72.2,1080,1920,16:9,401,Android 6.0 ,8
BLU369,Vivo 8,True,True,True,False,False,False,2017,"August. Released 2017, August",180.0,154.5,76.5,8.3,5.5,70.6,1080,1920,16:9,401,Android 7.0 ,8
BLU369,Vivo Air,True,True,False,False,False,False,2015,"January. Released 2015, January",97.0,139.8,67.4,5.1,4.8,67.4,720,1280,16:9,306,Android 4.4.2 ,8
BLU369,Vivo Air LTE,True,True,True,False,False,False,2015,"September. Released 2015, September",98.0,141.9,68.1,5.1,4.8,65.7,720,1280,16:9,306,Android 5.0.2 ,4
BLU369,Vivo Go,True,True,True,False,False,False,2018,December,155.0,156.7,75.2,8.4,6.0,78.8,720,1440,18:9,268,Android 9.0 Pie ,4
BLU369,Vivo IV,True,True,False,False,False,False,2014,"May. Released 2014, May",129.0,145.1,70.2,5.5,5.0,67.7,1080,1920,16:9,441,Android 4.2.2 ,8
BLU369,Vivo One,True,True,True,False,False,False,2018,February,160.0,148.4,70.1,9.8,5.5,75.0,720,1440,18:9,293,Android 7.1.1 ,4
BLU369,Vivo One Plus,True,True,True,False,False,False,2018,April,173.0,164.8,76.7,8.6,6.0,73.5,720,1440,18:9,268,Android 7.1 ,4
BLU369,Vivo One Plus (2019),True,True,True,False,False,False,2019,January,178.0,156.7,75.2,8.3,6.2,82.1,720,1500,None,268,Android 8.1 ,4
BLU369,Vivo Selfie,True,True,False,False,False,False,2015,"July. Released 2015, July",111.0,141,68.4,7.8,4.8,65.9,720,1280,16:9,306,Android 5.0 ,4
BLU369,Vivo X,True,True,True,False,False,False,2018,February,188.0,160,76.8,8.2,6.0,75.6,720,1440,18:9,268,Android 7.0 ,8
BLU369,Vivo X5,True,True,True,False,False,False,2019,September,160.0,153,73.4,9.1,5.7,74.7,720,1440,18:9,282,Android 9.0 ,8
BLU369,Vivo XI,True,True,True,False,False,False,2018,September,187.0,149,72.9,7.9,5.9,80.0,720,1520,19:9,285,Android 8.1 ,8
BLU369,Vivo XI+,True,True,True,False,False,False,2018,August,199.0,155,75.5,7.8,6.2,82.8,1080,2246,7:9,402,Android 8.1 ,8
BLU369,Vivo XL,True,True,True,False,False,False,2016,"January. Released 2016, January",154.0,155.3,76.7,7.5,5.5,70.0,720,1280,16:9,267,Android 5.1 ,8
BLU369,Vivo XL2,True,True,True,False,False,False,2017,"January. Released 2017, January",175.0,154,76.6,9.2,5.5,70.7,720,1280,16:9,267,Android 6.0 ,4
BLU369,Vivo XL3,True,True,True,False,False,False,2018,February,143.0,147.7,70.7,8,5.5,74.8,720,1440,18:9,293,Android 8.0 ,4
BLU369,Vivo XL3 Plus,True,True,True,False,False,False,2018,March,169.0,158.1,76.5,8.2,6.0,76.8,720,1440,18:9,268,Android 7.1.2 ,4
BLU369,Vivo XL4,True,True,True,False,False,False,2018,December,178.0,157.2,76.2,8,6.2,80.1,720,1520,19:9,271,Android 8.1 ,8
BLU369,Vivo XL5,True,True,True,False,False,False,2019,July,181.0,161.4,78,9.6,6.3,78.7,720,1520,19:9,267,Android 9.0 ,8
BLU369,Win HD,True,True,False,False,False,False,2014,"September. Released 2014, September",139.0,144.8,69.9,7.8,5.0,68.1,720,1280,16:9,294,Microsoft Windows Phone 8.1,4
BLU369,Win HD LTE,True,True,True,False,False,False,2015,"April. Released 2015, April",146.0,145,72,8.2,5.0,66.0,720,1280,16:9,294,Microsoft Windows Phone 8.1,4
BLU369,Win JR,True,True,False,False,False,False,2014,"September. Released 2014, September",125.0,125,64,10.6,4.0,56.9,480,800,5:3,233,Microsoft Windows Phone 8.1,4
BLU369,Win JR LTE,True,True,True,False,False,False,2015,"April. Released 2015, April",138.0,133,67.5,9.5,4.5,62.2,480,854,16:9,218,Microsoft Windows Phone 8.1,4
BLU369,X Link,True,False,False,False,True,False,2018,March,65.0,45.8,54,13.9,None,None,240,240,None,309,Proprietary OS,None
BLU369,Zoey,True,False,False,False,True,False,2013,"August. Released 2013, August",65.0,110,45.7,13,1.8,20.3,128,160,None,114,None,None
