phone,Storage,RAM
1B (2022),32GB,2GB
1L Pro (2021),32GB,2GB
1 (2021),8GB,1GB
3L (2021),64GB,4GB
1S (2021),32GB,3GB
1L (2021),32GB,2GB
1V (2021),32GB,2GB
1SE (2020),32GB,3GB
Go Flip 4,4GB,512MB
Go Flip 3,4GB,512MB
Go Flip V,8GB,1GB
3T10 2020,32GB,2GB
3X (2020),64GB,4GB
3L (2020),64GB,4GB
1S (2020),32GB,3GB
1V (2020),32GB,2GB
1B (2020),16GB,2GB
3v (2019),32GB,3GB
3x (2019),64GB,4GB
1v (2019),16GB,1GB
3T 8,16GB,1GB
Smart Tab 7,16GB,1.5GB
3T 10,16GB,2GB
3L,16GB,2GB
3 (2019),32GB,3GB
1s,32GB,3GB
1x (2019),16GB,2GB
1c (2019),8GB,1GB
1,8GB,1GB
Tetra,16GB,2GB
7,32GB,2GB
5v,32GB,3GB
5,16GB,2GB
3v,16GB,2GB
3x (2018),16GB,2GB
3,16GB,2GB
1x,16GB,1GB
3c,16GB,1GB
1T 10,16GB,1GB
1T 7,8GB,1GB
Idol 5s,32GB,3GB
Idol 5,16GB,3GB
A7 XL,32GB,3GB
A7,32GB,3GB
U5 HD,8GB,1GB
Pulsemix,16GB,2GB
Idol 5s (USA),32GB,3GB
Flash (2017),32GB,3GB
U5,8GB,1GB
A5 LED,16GB,2GB
A3,16GB,1.5GB
A3 XL,8GB,2GB
Shine Lite,16GB,2GB
Pixi 4 Plus Power,8GB,1GB
Fierce 4,16GB,2GB
X1,16GB,2GB
Pixi 4 (5),8GB,1GB
Flash Plus 2,16GB,2GB
Pop 7 LTE,8GB,1GB
Pop 4S,16GB,2GB
Pop 4+,16GB,1.5GB
Pop 4,8GB,1GB
Idol 4s Windows,64GB,4GB
Idol 4s,32GB,3GB
Idol 4,16GB,2GB
Fierce XL (Windows),16GB,2GB
Pixi 4 (7),8GB,1GB
Pixi 4 (6) 3G,8GB,1GB
Pixi 4 (6),8GB,1GB
Pixi 4 (4),4GB,512MB
Pixi 4 (3.5),4GB,512MB
Pixi 3 (8) LTE,8GB,1GB
Pop 3 (5.5),8GB,1GB
Pop 3 (5),8GB,1GB
Fierce XL,16GB,2GB
Watch,,8MB
GO Watch,,8MB
Flash 2,16GB,2GB
2007,,16MB
Idol 3C,16GB,2GB
Pixi 3 (10),16GB,1GB
Pixi First,4GB,512MB
Pop Up,16GB,2GB
Pop Star LTE,8GB,1GB
Pop Star,8GB,1GB
Go Play,8GB,1GB
Flash Plus,16GB,2GB
Pop Astro,4GB,1GB
Flash,8GB,1GB
Idol 3 (5.5),16GB,2GB
Idol 3 (4.7),8GB,1.5GB
Orange Klif,512MB,256MB
Pixi 3 (5.5) LTE,8GB,1GB
Pixi 3 (5.5),8GB,1GB
Pixi 3 (8) 3G,4GB,1GB
Pixi 3 (7) LTE,4GB,1GB
Pixi 3 (7) 3G,4GB,512MB
Pixi 3 (7),4GB,512MB
Pop 10,8GB,1GB
Pixi 3 (5),4GB,512MB
Pixi 3 (4.5),4GB,512MB
Pixi 3 (4),4GB,512MB
Pixi 3 (3.5) Firefox,512MB,256MB
Pixi 3 (3.5),4GB,512MB
Pop D3,4GB,512MB
Pop D1,4GB,512MB
Pop Icon,4GB,1GB
Fire C 2G,,128MB
Pop 2 (5) Premium,8GB,1GB
Pop 2 (5),8GB,1GB
Pop 2 (4),4GB,512MB
Pop 2 (4.5) Dual SIM,,1GB
Pop 2 (4.5),,1GB
Fierce 2,4GB,1GB
Evolve 2,4GB,512MB
Pop 8S,8GB,1GB
Hero 8,8GB,2GB
Hero 2,,2GB
Pixi 2,4GB,512MB
Pop D5,4GB,512MB
Pop C2,4GB,512MB
Pixi 8,4GB,512MB
2010,,64MB
2040,,4MB
Pop 7S,4GB,1GB
Pixi 7,4GB,512MB
Pop S9,8GB,1GB
Pop S7,4GB,1GB
Pop S3,4GB,1GB
Fire S,4GB,1GB
Fire E,4GB,512MB
Fire C,4GB,512MB
Idol 2 S,8GB,1GB
Idol 2,8GB,1GB
Idol 2 Mini S,4GB,1GB
Idol 2 Mini,4GB,1GB
Pop Fit,4GB,512MB
Idol X+,,2GB
Pop C9,4GB,1GB
Pop 8,4GB,1GB
Pop 7,4GB,1GB
Fierce,4GB,1GB
Evolve,4GB,512MB
Pop C7,4GB,512MB
Pop C5,4GB,512MB
Pop C3,4GB,512MB
Pop C1,4GB,512MB
One Touch Evo 8HD,4GB,1GB
Idol Alpha,16GB,1GB
Hero,,2GB
Idol S,4GB,1GB
Idol Mini,4GB,512MB
One Touch T10,,1GB
One Touch Snap LTE,,1GB
One Touch Pixi,512MB,256MB
One Touch Snap,,1GB
Idol X,8GB,2GB
One Touch Star,,512MB
One Touch Scribe Easy,,512MB
One Touch Evo 7,4GB,1GB
One Touch Evo 7 HD,4GB,1GB
One Touch Tab 8 HD,8GB,1GB
One Touch Tab 7,4GB,1GB
One Touch Tab 7 HD,8GB,1GB
One Touch Idol Ultra,16GB,1GB
One Touch Idol,,1GB
One Touch T'Pop,512MB,256MB
One Touch S'Pop,,512MB
One Touch M'Pop,4GB,512MB
One Touch X'Pop,,512MB
One Touch Scribe HD-LTE,4GB,1GB
One Touch Scribe X,4GB,1GB
One Touch Scribe HD,4GB,1GB
View,4GB,512MB
OT-983,512MB,512MB
OT-997D,4GB,1GB
OT-997,4GB,1GB
OT-992D,4GB,512MB
OT-988 Shockwave,1GB,512MB
OT-986,8GB,1GB
OT-985,512MB,256MB
OT-995,2GB,512MB
OT-918,512MB,256MB
OT-918D,512MB,256MB
iPhone 15 Pro Max,256GB,8GB
iPhone 15 Pro,128GB,8GB
iPhone 15 Plus,128GB,6GB
iPhone 15,128GB,6GB
iPad Pro 12.9 (2022),128GB,8GB
iPad Pro 11 (2022),128GB,8GB
iPad (2022),64GB,4GB
iPhone 14 Pro Max,128GB,6GB
iPhone 14 Pro,128GB,6GB
iPhone 14 Plus,128GB,6GB
iPhone 14,128GB,6GB
Watch Series 8,32GB,1GB
Watch Series 8 Aluminum,32GB,1GB
Watch SE (2022),32GB,1GB
iPhone SE (2022),64GB,4GB
iPad Air (2022),256GB,8GB
iPhone 13 Pro Max,128GB,6GB
iPhone 13 Pro,128GB,6GB
iPhone 13,128GB,4GB
iPhone 13 mini,128GB,4GB
iPad mini (2021),64GB,4GB
iPad 10.2 (2021),64GB,3GB
Watch Edition Series 7,32GB,1GB
Watch Series 7,32GB,1GB
Watch Series 7 Aluminum,32GB,1GB
iPad Pro 12.9 (2021),128GB,8GB
iPad Pro 11 (2021),128GB,8GB
iPhone 12 Pro Max,128GB,6GB
iPhone 12 Pro,128GB,6GB
iPhone 12,64GB,4GB
iPhone 12 mini,64GB,4GB
iPad Air (2020),64GB,4GB
iPad 10.2 (2020),32GB,3GB
Watch SE,32GB,1GB
Watch Series 6 Aluminum,32GB,1GB
Watch Series 6,32GB,1GB
Watch Edition Series 6,32GB,1GB
iPhone SE (2020),64GB,3GB
iPad Pro 12.9 (2020),128GB,6GB
iPad Pro 11 (2020),128GB,6GB
iPhone 11 Pro Max,64GB,4GB
iPhone 11 Pro,64GB,4GB
iPhone 11,64GB,4GB
iPad 10.2 (2019),32GB,3GB
Watch Edition Series 5,32GB,1GB
Watch Series 5,32GB,1GB
Watch Series 5 Aluminum,32GB,1GB
iPad Air (2019),64GB,3GB
iPad mini (2019),64GB,3GB
iPad Pro 12.9 (2018),64GB,4GB
iPad Pro 11 (2018),64GB,4GB
iPhone XS Max,64GB,4GB
iPhone XS,64GB,4GB
iPhone XR,64GB,3GB
Watch Series 4,16GB,1GB
Watch Series 4 Aluminum,16GB,1GB
iPad 9.7 (2018),32GB,2GB
iPhone X,64GB,3GB
iPhone 8 Plus,64GB,3GB
iPhone 8,64GB,2GB
Watch Edition Series 3,16GB,768MB
Watch Series 3,16GB,768MB
Watch Series 3 Aluminum,8GB,768MB
iPad Pro 12.9 (2017),64GB,4GB
iPad Pro 10.5 (2017),64GB,4GB
iPad 9.7 (2017),32GB,2GB
Watch Edition Series 2 42mm,8GB,512MB
Watch Edition Series 2 38mm,8GB,512MB
Watch Series 2 42mm,8GB,512MB
Watch Series 2 38mm,8GB,512MB
Watch Series 2 Aluminum 42mm,8GB,512MB
Watch Series 1 Aluminum 42mm,8GB,512MB
Watch Series 2 Aluminum 38mm,8GB,512MB
Watch Series 1 Aluminum 38mm,8GB,512MB
iPhone 7 Plus,32GB,3GB
iPhone 7,32GB,2GB
iPad Pro 9.7 (2016),32GB,2GB
iPhone SE,16GB,2GB
iPhone 6s Plus,16GB,2GB
iPhone 6s,16GB,2GB
iPad Pro 12.9 (2015),32GB,4GB
iPad mini 4 (2015),16GB,2GB
Watch Edition 42mm (1st gen),8GB,512MB
Watch Edition 38mm (1st gen),8GB,512MB
Watch 42mm (1st gen),8GB,512MB
Watch 38mm (1st gen),8GB,512MB
Watch Sport 42mm (1st gen),8GB,512MB
Watch Sport 38mm (1st gen),8GB,512MB
iPad Air 2,16GB,2GB
iPad mini 3,16GB,1GB
iPhone 6 Plus,16GB,1GB
iPhone 6,16GB,1GB
iPad Air,16GB,1GB
iPad mini 2,16GB,1GB
iPhone 5s,16GB,1GB
iPhone 5c,8GB,1GB
iPad mini Wi-Fi,16GB,512MB
iPad mini Wi-Fi + Cellular,16GB,512MB
iPad 4 Wi-Fi,16GB,1GB
iPad 4 Wi-Fi + Cellular,16GB,1GB
iPhone 5,16GB,1GB
iPad 3 Wi-Fi + Cellular,16GB,1GB
iPad 3 Wi-Fi,16GB,1GB
iPhone 4s,8GB,512MB
iPad 2 Wi-Fi + 3G,16GB,512MB
iPad 2 Wi-Fi,16GB,512MB
iPad 2 CDMA,16GB,512MB
iPhone 4,8GB,512MB
iPhone 4 CDMA,16GB,512MB
iPad Wi-Fi + 3G,16GB,256MB
iPad Wi-Fi,16GB,256MB
iPhone 3GS,8GB,256MB
iPhone 3G,8GB,128MB
ROG Phone 8 Pro,512GB,16GB
ROG Phone 8,256GB,12GB
Zenfone 10,128GB,8GB
ROG Phone 7 Ultimate,512GB,16GB
ROG Phone 7,256GB,12GB
ROG Phone 6D Ultimate,512GB,16GB
ROG Phone 6D,256GB,12GB
ROG Phone 6 Diablo Immortal Edition,512GB,16GB
ROG Phone 6 Batman Edition,256GB,12GB
Zenfone 9,128GB,6GB
ROG Phone 6 Pro,512GB,18GB
ROG Phone 6,128GB,8GB
ROG Phone 5s Pro,512GB,18GB
ROG Phone 5s,128GB,8GB
Smartphone for Snapdragon Insiders,512GB,16GB
Zenfone 8 Flip,128GB,8GB
Zenfone 8,128GB,6GB
ROG Phone 5 Ultimate,512GB,18GB
ROG Phone 5 Pro,512GB,16GB
ROG Phone 5,128GB,8GB
Zenfone 7 Pro,256GB,8GB
Zenfone 7,128GB,6GB
ROG Phone 3,128GB,8GB
ROG Phone 3 Strix,128GB,8GB
ROG Phone II ZS660KL,128GB,8GB
Zenfone 6 ZS630KL,64GB,6GB
ZenFone Live (L2),16GB,2GB
Zenfone Max Plus (M2) ZB634KL,32GB,3GB
Zenfone Max Shot ZB634KL,32GB,3GB
Zenfone Max Pro (M2) ZB631KL,32GB,3GB
Zenfone Max (M2) ZB633KL,32GB,3GB
Zenfone Max (M1) ZB556KL,32GB,3GB
ZenFone Lite (L1) ZA551KL,16GB,2GB
ROG Phone ZS600KL,128GB,8GB
ZenFone Live (L1) ZA550KL,16GB,1GB
Zenfone Max Pro (M1) ZB601KL/ZB602K,32GB,3GB
Zenfone 5z ZS620KL,64GB,4GB
Zenfone 5 ZE620KL,64GB,4GB
Zenfone 5 Lite ZC600KL,32GB,3GB
Zenfone Max (M1) ZB555KL,16GB,2GB
Zenfone Max Plus (M1) ZB570TL,16GB,2GB
Zenfone V V520KL,32GB,4GB
Zenfone 4 Pro ZS551KL,64GB,6GB
Zenfone 4 ZE554KL,64GB,4GB
Zenfone 4 Selfie Lite ZB553KL,16GB,2GB
Zenfone 4 Selfie ZB553KL,32GB,3GB
Zenfone 4 Selfie Pro ZD552KL,64GB,3GB
Zenfone 4 Selfie ZD553KL,64GB,4GB
Zenfone 4 Max ZC520KL,16GB,2GB
Zenfone 4 Max Pro ZC554KL,32GB,2GB
Zenfone 4 Max Plus ZC554KL,32GB,3GB
Zenfone 4 Max ZC554KL,32GB,3GB
Zenpad Z8s ZT582KL,16GB,3GB
Zenpad 3s 8.0 Z582KL,32GB,3GB
Zenfone Go ZB552KL,16GB,2GB
Zenfone Live ZB501KL,16GB,2GB
Zenfone 3s Max ZC521TL,32GB,3GB
Zenpad 3S 10 Z500KL,32GB,4GB
Zenfone AR ZS571KL,64GB,6GB
Zenfone 3 Zoom ZE553KL,32GB,3GB
Zenfone Go ZB690KG,8GB,1GB
Zenpad 3 8.0 Z581KL,32GB,4GB
Zenfone Go ZB500KL,16GB,2GB
Zenfone 3 Max ZC553KL,32GB,2GB
Zenfone 3 Deluxe 5.5 ZS550KL,64GB,4GB
Zenpad Z10 ZT500KL,32GB,3GB
Zenwatch 3 WI503Q,4GB,512MB
Zenpad 3S 10 Z500M,32GB,4GB
Zenfone 3 Max ZC520TL,16GB,2GB
Zenfone 3 Laser ZC551KL,16GB,2GB
Zenfone 3 ZE520KL,32GB,3GB
Zenfone Pegasus 3,16GB,2GB
Zenpad Z8,16GB,2GB
Zenfone 3 Ultra ZU680KL,32GB,3GB
Zenfone 3 Deluxe ZS570KL,64GB,4GB
Zenfone 3 ZE552KL,32GB,3GB
Zenfone Max ZC550KL (2016),32GB,2GB
Zenfone Go ZB450KL,8GB,1GB
Zenfone Go ZB452KG,8GB,1GB
Zenfone Go ZB551KL,16GB,2GB
Zenfone Go T500,16GB,2GB
Zenfone Go ZC451TG,8GB,1GB
Live G500TG,16GB,2GB
Zenwatch 2 WI501Q,4GB,512MB
Zenwatch 2 WI502Q,4GB,512MB
Zenwatch WI500Q,4GB,512MB
Zenfone 2 Laser ZE551KL,16GB,3GB
Zenfone Zoom ZX551ML,32GB,4GB
Zenpad 8.0 Z380M,8GB,1GB
Zenpad 10 Z300M,16GB,2GB
Zenpad 10 Z300C,8GB,2GB
Zenfone Go ZC500TG,8GB,2GB
Zenfone Max ZC550KL,8GB,2GB
Zenfone 2 Deluxe ZE551ML,64GB,4GB
Zenfone 2 Laser ZE601KL,16GB,2GB
Zenfone 2 Laser ZE600KL,16GB,2GB
Zenfone 2 Laser ZE550KL,16GB,2GB
Zenfone 2 Laser ZE500KG,8GB,2GB
Zenfone 2 Laser ZE500KL,8GB,2GB
Zenpad 7.0 Z370CG,16GB,2GB
Zenfone 2E,8GB,1GB
Pegasus 2 Plus,32GB,3GB
Zenpad S 8.0 Z580CA,16GB,2GB
Zenpad S 8.0 Z580C,16GB,2GB
Zenpad 8.0 Z380KL,8GB,1GB
Zenpad 8.0 Z380C,8GB,1GB
Zenpad C 7.0 Z170MG,8GB,1GB
Zenpad C 7.0,8GB,1GB
Zenfone Selfie ZD551KL,16GB,2GB
Zenfone 2 ZE500CL,16GB,2GB
Zenfone 2 ZE550ML,16GB,2GB
Zenfone 2 ZE551ML,16GB,2GB
Fonepad 7 FE375CL,8GB,2GB
Zenfone C ZC451CG,8GB,1GB
Fonepad 7 FE171CG,8GB,1GB
Zenfone Zoom ZX550,16GB,2GB
Pegasus,8GB,2GB
Zenfone 5 Lite A502CG (2014),,1GB
Memo Pad 10 ME103K,8GB,1GB
PadFone X mini,8GB,1GB
Memo Pad 7 ME572CL,16GB,2GB
Memo Pad 7 ME572C,16GB,2GB
Zenfone 5 A500KL (2014),8GB,1GB
Zenfone 4 A450CG (2014),8GB,1GB
Memo Pad 8 ME581CL,16GB,2GB
Memo Pad 8 ME181C,16GB,1GB
Memo Pad 7 ME176C,8GB,1GB
Fonepad 8 FE380CG,8GB,1GB
Fonepad 7 FE375CXG,8GB,1GB
Fonepad 7 FE375CG,8GB,1GB
Transformer Pad TF303CL,16GB,2GB
Transformer Pad TF103C,8GB,1GB
Fonepad 7 (2014),4GB,1GB
PadFone X,16GB,2GB
PadFone S,16GB,2GB
PadFone Infinity Lite,16GB,2GB
PadFone E,,1GB
Zenfone 6 A601CG (2014),16GB,2GB
Zenfone 6 A600CG (2014),16GB,2GB
Zenfone 5 A501CG (2015),8GB,2GB
Zenfone 5 A500CG (2014),8GB,2GB
Zenfone 4 (2014),4GB,1GB
PadFone mini 4G (Intel),8GB,1GB
PadFone mini (Intel),8GB,1GB
PadFone mini,16GB,1GB
Transformer Book Trio,16GB,2GB
PadFone Infinity 2,16GB,2GB
Memo Pad 10,8GB,1GB
Memo Pad 8 ME180A,16GB,1GB
Fonepad 7,8GB,1GB
Google Nexus 7 (2013),16GB,2GB
Fonepad Note FHD6,16GB,2GB
Transformer Pad TF701T,32GB,2GB
Memo Pad FHD10,16GB,2GB
Memo Pad HD7 8 GB,8GB,1GB
Memo Pad HD7 16 GB,16GB,1GB
Fonepad,8GB,1GB
PadFone Infinity,32GB,2GB
Memo Pad Smart 10,16GB,1GB
Memo Pad ME172V,8GB,1GB
Google Nexus 7 Cellular,16GB,1GB
VivoTab RT TF600T,32GB,2GB
PadFone 2,16GB,2GB
Google Nexus 7,8GB,1GB
Transformer Pad Infinity 700 LTE,32GB,1GB
Transformer Pad Infinity 700 3G,32GB,1GB
Transformer Pad TF300TG,16GB,1GB
Transformer Pad TF300T,16GB,1GB
Transformer Pad Infinity 700,32GB,1GB
Memo,16GB,1GB
Transformer Prime TF700T,32GB,1GB
Transformer Prime TF201,32GB,1GB
PadFone,16GB,1GB
Transformer TF101,16GB,1GB
P835,4GB,288MB
P565,,128MB
P552w,,128MB
P320,,64MB
M930,256MB,64MB
P550,256MB,64MB
P750,,64MB
P527,128MB,64MB
M530w,256MB,64MB
P735,256MB,64MB
P535,256MB,64MB
P505,,64MB
Wildfire E star,16GB,2GB
U23,128GB,8GB
U23 Pro,256GB,8GB
A103 Plus,64GB,4GB
A103,64GB,4GB
A102,128GB,8GB
A101,128GB,8GB
Wildfire E2 Play,128GB,8GB
Wildfire E3 lite,32GB,3GB
Wildfire E plus,32GB,2GB
Desire 22 Pro,128GB,8GB
Wildfire E2 Plus,64GB,4GB
Wildfire E3,64GB,4GB
Desire 21 Pro 5G,128GB,8GB
Desire 20+,128GB,6GB
Wildfire E1 lite,16GB,2GB
Wildfire E2,64GB,4GB
Wildfire E1 plus,32GB,3GB
Wildfire E1,32GB,3GB
Wildfire E,32GB,2GB
U20 5G,256GB,6GB
Desire 20 Pro,128GB,6GB
Desire 19s,32GB,3GB
Exodus 1s,64GB,4GB
Wildfire X,32GB,3GB
U19e,128GB,6GB
Desire 19+,64GB,4GB
Desire 12s,32GB,3GB
Exodus 1,128GB,6GB
U12 life,64GB,4GB
U12+,64GB,6GB
Desire 12+,32GB,3GB
Desire 12,16GB,2GB
U11 Eyes,64GB,4GB
U11+,64GB,4GB
U11 Life,32GB,3GB
U11,64GB,4GB
One X10,32GB,3GB
U Ultra,64GB,4GB
U Play,32GB,3GB
10 evo,32GB,3GB
Desire 650,16GB,2GB
Desire 10 Pro,64GB,4GB
Desire 10 Compact,32GB,3GB
One A9s,16GB,2GB
Desire 10 Lifestyle,32GB,3GB
Desire 728 Ultra,32GB,3GB
Desire 628,32GB,3GB
One M9 Prime Camera,16GB,2GB
Desire 830,32GB,3GB
One S9,16GB,2GB
10 Lifestyle,32GB,3GB
10,32GB,4GB
Desire 825,16GB,2GB
Desire 630,16GB,2GB
Desire 530,16GB,1.5GB
Desire 625,8GB,1.5GB
One X9,32GB,3GB
One M9s,16GB,2GB
Desire 828 dual sim,16GB,2GB
Desire 728 dual sim,16GB,1.5GB
One E9s dual sim,16GB,2GB
Butterfly 3,32GB,3GB
One M9+ Supreme Camera,32GB,3GB
One A9,16GB,2GB
Desire 626 (USA),16GB,1.5GB
Desire 626s,8GB,1GB
Desire 526,8GB,1.5GB
Desire 520,8GB,1GB
One ME,32GB,3GB
Desire 820G+ dual sim,16GB,1GB
Desire 326G dual sim,8GB,1GB
One M9+,32GB,3GB
One M8s,16GB,2GB
One E9+,32GB,3GB
One E9,16GB,2GB
One M9,32GB,3GB
Desire 820s dual sim,16GB,2GB
Desire 626G+,8GB,1GB
Desire 626,16GB,1GB
Desire 526G+ dual sim ,8GB,1GB
Desire 826 dual sim,16GB,2GB
Desire 320,8GB,1GB
Desire 620G dual sim,8GB,1GB
Desire 620,8GB,1GB
Nexus 9,,2GB
Desire 816G dual sim,,1GB
One (M8 Eye),16GB,2GB
Desire Eye,16GB,2GB
Desire 612,8GB,1GB
Desire 820q dual sim,16GB,1GB
Desire 820 dual sim,16GB,2GB
Desire 820,16GB,2GB
One (E8) CDMA,16GB,2GB
Desire 510,8GB,1GB
One (M8) for Windows,32GB,2GB
One (M8) for Windows (CDMA),32GB,2GB
Butterfly 2,16GB,2GB
One Remix,16GB,1.5GB
One (M8) dual sim,16GB,2GB
Desire 516 dual sim,4GB,1GB
One (E8),16GB,2GB
One mini 2,16GB,1GB
Desire 616 dual sim,4GB,1GB
Desire 210 dual sim,4GB,512MB
One (M8) CDMA,32GB,2GB
One (M8),16GB,2GB
Desire 310,4GB,1GB
Desire 816 dual sim,8GB,1.5GB
Desire 816,8GB,1.5GB
Desire 610,8GB,1GB
Desire 501 dual sim,8GB,1GB
Desire 700,8GB,1GB
Desire 700 dual sim,8GB,1GB
Desire 601 dual sim,4GB,1GB
Desire 501,8GB,1GB
One Max,16GB,2GB
Desire 300,4GB,512MB
Desire 601,8GB,1GB
Desire 500,4GB,1GB
One mini,16GB,1GB
Desire L,4GB,1GB
Desire P,4GB,768MB
Desire Q,4GB,512MB
8XT,8GB,1GB
Butterfly S,16GB,2GB
Desire 200,4GB,512MB
Desire 600 dual sim,8GB,1GB
First,16GB,1GB
One Dual Sim,32GB,2GB
One,32GB,2GB
Desire U,4GB,512MB
Desire 400 dual sim,4GB,1GB
Butterfly,,2GB
DROID DNA,,2GB
One SV CDMA,8GB,1GB
One SV,8GB,1GB
Desire SV,4GB,768MB
One VX,8GB,1GB
One X+,32GB,1GB
Windows Phone 8X CDMA,16GB,1GB
Windows Phone 8X,16GB,1GB
Windows Phone 8S,4GB,512MB
One ST,4GB,1GB
One SC,4GB,1GB
Desire X,4GB,768MB
Desire VT,4GB,512MB
Desire XC,4GB,768MB
Desire VC,4GB,512MB
Desire V,4GB,512MB
Desire C,4GB,512MB
J,16GB,1GB
DROID Incredible 4G LTE,8GB,1GB
Evo 4G LTE,16GB,1GB
One XC,16GB,1GB
One X,,1GB
One X AT&T,16GB,1GB
One XL,32GB,1GB
One S C2,16GB,1GB
One S,16GB,1GB
One V,,512MB
Velocity 4G Vodafone,16GB,1GB
Velocity 4G,,1GB
Rezound,16GB,1GB
Vivid,16GB,1GB
EVO Design 4G,4GB,768MB
Sensation XL,16GB,768MB
Explorer,512MB,512MB
Amaze 4G,16GB,1GB
Raider 4G,16GB,1GB
Rhyme,4GB,768MB
Hero S,4GB,768MB
Rhyme CDMA,4GB,768MB
Sensation XE,,768MB
Jetstream,32GB,1GB
Lead,,768MB
Titan,16GB,512MB
Radar,8GB,512MB
Panache,,768MB
Status,512MB,512MB
Glacier,,768MB
Trophy,16GB,576MB
DROID Incredible 2,1.1GB,768MB
Sensation 4G,1GB,768MB
EVO 3D,1GB,1GB
Sensation,1GB,768MB
EVO 3D CDMA,4GB,1GB
HD7S,16GB,576MB
Prime,,512MB
Merge,2GB,512MB
Incredible S,1.1GB,768MB
Desire S,1.1GB,768MB
Wildfire S,512MB,512MB
Salsa,512MB,512MB
ChaCha,512MB,512MB
Flyer,16GB,1GB
Flyer Wi-Fi,16GB,1GB
EVO View 4G,32GB,1GB
Inspire 4G,4GB,768MB
Freestyle,150MB,256MB
ThunderBolt 4G,4GB,768MB
EVO Shift 4G,2GB,512MB
Gratia,512MB,384MB
HD7,,576MB
7 Pro,8GB,576MB
7 Surround,16GB,448MB
7 Mozart,8GB,576MB
7 Trophy,8GB,576MB
Arrive,8GB,576MB
Desire HD,1.5GB;,768MB
Desire Z,1.5GB;,512MB
Evo 4G+,,1GB
Aria,512MB,384MB
Wildfire CDMA,512MB,384MB
Wildfire,,384MB
HD mini,,384MB
Desire,,576MB
Legend,,384MB
Rider,,1GB
Google Nexus One,,512MB
Smart,,256MB
HD2,,448MB
Evo 4G,1GB,512MB
DROID ERIS,,288MB
Pure,,288MB
Tattoo,,256MB
Touch2,,256MB
Hero CDMA,,288MB
Hero,,288MB
Ozone,,192MB
Snap,,192MB
Magic,,288MB
Touch Pro2 CDMA,,288MB
Tilt2,,288MB
Touch Pro2,,288MB
Touch Diamond2 CDMA,,288MB
Touch Diamond2,,288MB
Dream,,192MB
Touch Cruise 09,,256MB
MAX 4G,8GB,288MB
Touch HD T8285,,288MB
Touch HD,,288MB
Touch 3G,,192MB
Touch Viva,,128MB
S740,,256MB
Touch Pro CDMA,,288MB
Touch Pro,,288MB
Touch Diamond CDMA,4GB,288MB
Touch Diamond,4GB,192MB
Advantage X7510,16GB,128MB
P3470,,128MB
Touch Cruise,,128MB
Touch Dual,,128MB
S730,,64MB
TyTN II,,128MB
S630,,64MB
Touch,,64/128MB
P6300,,128MB
Shift,,1GB
Advantage X7500,,128MB
S710,,64MB
P3350,,64MB
P3400,,64MB
P4350,,64MB
P3600i,,64MB
P3600,,64MB
P3300,,64MB
S620,,64MB
S310,,64MB
TyTN,,64MB
MTeoR,,64MB
Wildfire R70,32GB,2GB
One (M8i),16GB,2GB
One M8 Prime,16GB,3GB
Tiara,8GB,1GB
Primo,,512MB
Zeta,32GB,1GB
Ignite,,512MB
Desire HD2,8GB,512MB
A12,8GB,1GB
nova Y72,128GB,8GB
Enjoy 70,128GB,8GB
MatePad Pro 11 (2024),128GB,8GB
nova 11 SE,256GB,8GB
MatePad Pro 13.2,256GB,12GB
Mate 60 RS Ultimate,512GB,16GB
Mate 60 Pro+,512GB,16GB
Mate X5,256GB,12GB
Mate 60 Pro,256GB,12GB
Mate 60,256GB,12GB
MatePad 11.5,128GB,6GB
MatePad Air,128GB,8GB
nova Y91,128GB,6GB
Watch 4 Pro,32GB,2GB
Watch 4,32GB,2GB
nova 11i,128GB,8GB
nova Y71,128GB,8GB
Enjoy 60X,128GB,8GB
nova 11 Pro,256GB,8GB
nova 11,128GB,8GB
Mate X3,256GB,12GB
P60 Pro,256GB,8GB
P60,128GB,8GB
P60 Art,512GB,12GB
MatePad 11 (2023),128GB,6GB
nova 10 Youth,128GB,8GB
Enjoy 50z,128GB,6GB
Pocket S,128GB,8GB
nova Y61,64GB,4GB
MatePad C5e,64GB,4GB
nova 10 SE,128GB,6GB
Mate 50 RS Porsche Design,512GB,12GB
Mate 50 Pro,256GB,8GB
Mate 50E,128GB,8GB
Mate 50,128GB,8GB
nova 10z,128GB,8GB
MatePad Pro 11 (2022),128GB,8GB
nova 10 Pro,128GB,8GB
nova 10,128GB,6GB
nova Y90,128GB,4GB
MatePad 10.4 (2022),64GB,4GB
Mate Xs 2,256GB,8GB
MatePad SE,32GB,3GB
nova 9 SE 5G,128GB,8GB
nova Y70 Plus,64GB,4GB
P50E,128GB,8GB
nova 9 SE,128GB,6GB
P50 Pocket,256GB,8GB
nova 8 SE 4G,128GB,8GB
nova Y60,64GB,4GB
Enjoy 20e,64GB,4GB
Watch GT 3,4GB,32MB
nova 9 Pro,128GB,8GB
nova 9,128GB,8GB
nova 8,128GB,8GB
P50 Pro,128GB,8GB
P50,128GB,8GB
nova 8 SE Youth,128GB,8GB
nova 8i,128GB,6GB
Mate 40 Pro 4G,128GB,8GB
Mate 40E 4G,128GB,8GB
Mate X2 4G,256GB,8GB
MatePad Pro 12.6 (2021),128GB,8GB
MatePad Pro 10.8 (2021),128GB,6GB
MatePad 11 (2021),64GB,6GB
Watch 3 Pro,16GB,2GB
Watch 3,16GB,2GB
nova 8 Pro 4G,128GB,8GB
MatePad T 10,16GB,2GB
Mate 40E,128GB,8GB
P40 4G,128GB,4GB
Mate X2,256GB,8GB
nova 8 Pro 5G,128GB,8GB
nova 8 5G,128GB,8GB
Enjoy 20 SE,128GB,4GB
nova 8 SE,128GB,8GB
Mate 40 RS Porsche Design,256GB,8GB
Mate 40 Pro+,256GB,8GB
Mate 40 Pro,128GB,8GB
Mate 40,128GB,8GB
Watch GT 2 Porsche Design,4GB,32MB
Mate 30E Pro 5G,128GB,8GB
nova 7 SE 5G Youth,128GB,8GB
Y7a,64GB,4GB
P smart 2021,64GB,4GB
MatePad 5G,128GB,6GB
Watch GT 2 Pro,4GB,32MB
Y9a,128GB,6GB
Enjoy 20 Plus 5G,128GB,6GB
Enjoy 20 5G,64GB,4GB
MatePad 10.8,64GB,6GB
MatePad T 10s,16GB,2GB
Enjoy Tablet 2,64GB,4GB
Children's Watch 4X,16GB,1GB
Enjoy 20 Pro,128GB,6GB
Enjoy Z 5G,64GB,6GB
P Smart S,128GB,4GB
Y8p,128GB,4GB
P40 lite 5G,128GB,6GB
P30 Pro New Edition,128GB,6GB
MatePad T8,16GB,2GB
Y8s,64GB,4GB
Y6p,32GB,3GB
Y5p,32GB,2GB
P smart 2020,128GB,4GB
nova 7 Pro 5G,128GB,8GB
nova 7 5G,128GB,8GB
nova 7 SE,128GB,6GB
MatePad 10.4,32GB,3GB
Watch GT 2e,4GB,16MB
Enjoy 10e,64GB,4GB
P40 Pro+,256GB,8GB
P40 Pro,128GB,8GB
P40,128GB,6GB
P40 lite E,64GB,4GB
P40 lite,128GB,6GB
MatePad Pro 10.8 5G (2019),128GB,6GB
Mate Xs,512GB,8GB
P30 lite New Edition,128GB,6GB
Y7p,64GB,4GB
nova 7i,128GB,8GB
Y6s (2019),32GB,3GB
P smart Pro 2019,128GB,6GB
nova 6 5G,128GB,8GB
nova 6,128GB,8GB
nova 6 SE,128GB,8GB
MatePad Pro 10.8 (2019),128GB,6GB
Mate X,512GB,8GB
Y9s,128GB,6GB
nova 5z,64GB,6GB
Enjoy 10s,64GB,6GB
Enjoy 10,64GB,4GB
Mate 30 RS Porsche Design,512GB,12GB
Mate 30 Pro 5G,128GB,8GB
Mate 30 Pro,128GB,8GB
Mate 30 5G,128GB,6GB
Mate 30,128GB,6GB
Watch GT 2,4GB,32MB
nova 5i Pro,128GB,6GB
Enjoy 10 Plus,128GB,4GB
nova 5T,128GB,6GB
MediaPad M6 10.8,64GB,4GB
MediaPad M6 Turbo 8.4,128GB,6GB
MediaPad M6 8.4,64GB,4GB
nova 5 Pro,128GB,8GB
nova 5,128GB,8GB
nova 5i,128GB,6GB
Y9 Prime (2019),64GB,4GB
P20 lite (2019),64GB,4GB
P Smart Z,64GB,4GB
Mate 20 X (5G),128GB,6GB
P30 Pro,128GB,6GB
P30,64GB,8GB
P30 lite,64GB,4GB
nova 4e,128GB,4GB
Y5 (2019),16GB,2GB
Enjoy 9e,32GB,3GB
Enjoy 9s,64GB,4GB
Y Max,128GB,4GB
MediaPad M5 Lite 8,32GB,3GB
Y6 Pro (2019),32GB,3GB
Y6 (2019),32GB,2GB
Y7 (2019),32GB,3GB
Y7 Prime (2019),32GB,3GB
Y7 Pro (2019),32GB,3GB
Y5 lite (2018),16GB,1GB
nova 4,128GB,6GB
P smart 2019,32GB,3GB
Enjoy 9,32GB,3GB
Watch Magic,128MB,16MB
Watch GT,128MB,16MB
Mate 20 RS Porsche Design,256GB,8GB
Mate 20 X,128GB,6GB
Mate 20 Pro,128GB,6GB
Mate 20,64GB,6GB
MediaPad T5,16GB,2GB
MediaPad M5 lite,32GB,3GB
Y9 (2019),64GB,3GB
Mate 20 lite,64GB,4GB
P Smart+ 2019,64GB,3GB
nova 3i,64GB,4GB
nova 3,64GB,6GB
Watch 2 2018,4GB,768MB
Y5 Prime (2018),16GB,1GB
Y3 (2018),8GB,1GB
Y6 Prime (2018),16GB,2GB
Y6 (2018),16GB,2GB
Mate RS Porsche Design,256GB,6GB
P20 Pro,64GB,6GB
P20,64GB,4GB
P20 lite,32GB,3GB
Y7 Pro (2018),32GB,3GB
Y7 Prime (2018),32GB,3GB
Y7 (2018),16GB,2GB
Y9 (2018),32GB,3GB
MediaPad M5 10 (Pro),64GB,4GB
MediaPad M5 10,32GB,4GB
MediaPad M5 8,32GB,4GB
P smart,32GB,3GB
nova 2s,64GB,4GB
Mate 10 Porsche Design,256GB,6GB
Mate 10 Pro,64GB,4GB
Mate 10,64GB,4GB
Watch 2 Pro,4GB,768MB
Mate 10 Lite,64GB,4GB
P9 lite mini,16GB,2GB
Y7 Prime,32GB,3GB
MediaPad M3 Lite 8,16GB,4GB
MediaPad T3 10,16GB,1GB
MediaPad M3 Lite 10,16GB,4GB
nova 2 plus,64GB,4GB
nova 2,64GB,4GB
Y6II Compact,16GB,2GB
MediaPad T3 8.0,16GB,2GB
MediaPad T3 7.0,8GB,1GB
Y7,16GB,2GB
Y6 (2017),16GB,2GB
Y5 (2017),16GB,2GB
Y3 (2017),8GB,1GB
Watch 2 Classic,4GB,768MB
Watch 2,4GB,768MB
P10 Plus,64GB,4GB
P10,32GB,4GB
P10 Lite,32GB,3GB
P8 Lite (2017),16GB,3GB
Enjoy 6s,16GB,2GB
Mate 9 Pro,64GB,4GB
Mate 9 Porsche Design,256GB,6GB
Mate 9,32GB,4GB
Enjoy 6,16GB,3GB
MediaPad M3 8.4,32GB,4GB
nova plus,32GB,3GB
nova,32GB,3GB
MediaPad T2 10.0 Pro,16GB,2GB
MediaPad T2 7.0 Pro,16GB,2GB
MediaPad T2 7.0,8GB,1GB
G9 Plus,32GB,3GB
MediaPad T1 7.0 Plus,16GB,2GB
MediaPad M2 7.0,16GB,3GB
Y3II,8GB,1GB
Y5II,8GB,1GB
P9 lite,16GB,2GB
P9 Plus,32GB,4GB
P9,32GB,3GB
MediaPad M2 10.0,16GB,2GB
Watch,4GB,512MB
Enjoy 5s,16GB,2GB
Mate 8,32GB,3GB
G7 Plus,32GB,3GB
Y6 Pro,16GB,2GB
Nexus 6P,32GB,3GB
Mate S,32GB,3GB
Y6,8GB,1GB
G8,16GB,2GB
MediaPad M2 8.0,16GB,2GB
Y560,8GB,1GB
Y625,4GB,1GB
P8lite ALE-L04,16GB,2GB
P8lite,16GB,2GB
P8max,64GB,3GB
P8,16GB,3GB
SnapTo,8GB,1GB
MediaPad X2,16GB,2GB
Y635,4GB,1GB
Y360,4GB,512MB
Ascend Y540,4GB,1GB
Ascend G628,8GB,1GB
Ascend Y520,4GB,512MB
Ascend Y221,4GB,512MB
Ascend GX1,8GB,1GB
Ascend Mate7 Monarch,64GB,3GB
MediaPad T1 10,8GB,1GB
MediaPad T1 8.0,8GB,1GB
MediaPad T1 7.0,8GB,1GB
Ascend G620s,8GB,1GB
Ascend Y550,4GB,1GB
Ascend G7,16GB,2GB
Ascend P7 Sapphire Edition,16GB,2GB
Ascend Mate7,16GB,2GB
Ascend G535,8GB,1GB
Y300II,4GB,512MB
Ascend G630,4GB,1GB
Ascend Y330,4GB,512MB
Ascend P7,16GB,2GB
Ascend P7 mini,8GB,1GB
Ascend G730,4GB,1GB
Ascend Y600,4GB,512MB
MediaPad 10 Link+,8GB,1GB
Ascend G6 4G,8GB,1GB
Ascend G6,4GB,1GB
MediaPad M1,8GB,1GB
MediaPad X1,16GB,2GB
Ascend Y530,4GB,512MB
MediaPad 7 Youth2,4GB,1GB
Ascend P6 S,16GB,2GB
Ascend Mate2 4G,16GB,2GB
Ascend Y320,4GB,512MB
Ascend Y220,,256MB
Ascend G740,8GB,1GB
Ascend Y511,4GB,512MB
Ascend W2,8GB,512MB
G6153,,8MB
G3621L,,4MB
Ascend G700,8GB,2GB
G610s,4GB,1GB
U8687 Cronos,4GB,512MB
Ascend G525,4GB,1GB
MediaPad 7 Youth,8GB,1GB
MediaPad 7 Vogue,8GB,1GB
Ascend P6,8GB,2GB
Ascend Y300,4GB,512MB
Premia 4G M931,4GB,1GB
Ascend Y210D,512MB,256MB
Ascend P2,16GB,1GB
Ascend G615,8GB,1GB
Ascend G526,4GB,1GB
Ascend G350,4GB,512MB
Ascend G312,,1GB
Ascend W1,4GB,512MB
Ascend Mate,8GB,2GB
Ascend D2,32GB,2GB
Ascend G510,4GB,512MB
Ascend G500,4GB,1GB
Ascend Y201 Pro,4GB,512MB
MediaPad 10 Link,8GB,1GB
Ascend Y,,256MB
Summit,512MB,512MB
Ascend P1 LTE,4GB,1GB
Fusion 2 U8665,4GB,512MB
Ascend G600,4GB,768MB
Ascend G330,,512MB
MediaPad 7 Lite,8GB,1GB
Ascend Y100,,256MB
Ascend Y200,,256MB
Ascend G330D U8825D,,512MB
Ascend G300,,512MB
Ascend P1 XL U9200E,4GB,1GB
Ascend P1,4GB,1GB
G6310,,256MB
G5000,,4MB
Activa 4G,150MB,512MB
Fusion U8652,,256MB
MediaPad 10 FHD,8GB,2GB
Ascend D1 XL U9500E,8GB,1GB
Ascend D1,,1GB
Ascend D quad XL,8GB,1GB
Ascend D quad,8GB,1GB
Ascend P1s,4GB,1GB
M886 Mercury,4GB,512MB
MediaPad,8GB,1GB
MediaPad S7-301w,8GB,1GB
U8520 Duplex,512MB,256MB
T8300,512MB,512MB
U8350 Boulder,512MB,256MB
Impulse 4G,,512MB
U8850 Vision,2GB,512MB
Ascend II,512MB,256MB
U8800 Pro,2GB,512MB
G5500,,64MB
U8650 Sonic,512MB,256MB
U8180 IDEOS X1,512MB,256MB
IDEOS S7 Slim,8GB,512MB
U9000 IDEOS X6,2GB,512MB
U8800 IDEOS X5,2GB,512MB
U8510 IDEOS X3,512MB,256MB
U8150 IDEOS,512MB,256MB
U8500 IDEOS X2,512MB,256MB
U7520,1GB,512MB
IDEOS S7,8GB,256MB
U8230,,256MB
U9130 Compass,40MB,128MB
Mate 30 Lite,128GB,6GB
G10,64GB,4GB
Mulan,16GB,3GB
Ascend W3,,1GB
Smart 8 Plus,64GB,4GB
Smart 8 Pro,64GB,4GB
Smart 8 (India),64GB,4GB
Smart 8 HD,64GB,3GB
Hot 40 Pro,128GB,8GB
Hot 40,128GB,8GB
Hot 40i,128GB,4GB
Smart 8,64GB,3GB
Zero 30 4G,256GB,8GB
Zero 30,256GB,8GB
GT 10 Pro,256GB,8GB
Hot 30 5G,128GB,4GB
Note 30 VIP,256GB,8GB
Hot 30 Play NFC,128GB,4GB
Note 30 Pro,256GB,8GB
Note 30,128GB,8GB
Note 30 5G,128GB,4GB
Note 30i,256GB,8GB
Smart 7 HD,64GB,2GB
Hot 30i,64GB,4GB
Hot 30,128GB,8GB
Smart 7 (India),64GB,4GB
Smart 7,64GB,3GB
Zero 5G 2023,256GB,8GB
Hot 20 Play,64GB,4GB
Hot 20S,128GB,8GB
Hot 20,128GB,4GB
Note 12 (2023),128GB,8GB
Zero Ultra,256GB,8GB
Hot 20 5G,64GB,4GB
Hot 20i,64GB,2GB
Zero 20,128GB,8GB
Note 12i 2022,64GB,4GB
Hot 12 Pro,128GB,8GB
Smart 6 Plus (India),64GB,2GB
Note 12 Pro,256GB,8GB
Note 12 Pro 5G,128GB,8GB
Note 12 5G,64GB,6GB
Hot 11s NFC,64GB,4GB
Hot 12 Play,64GB,4GB
Hot 12 Play NFC,64GB,4GB
Note 12 VIP,128GB,4GB
Note 12 G96,128GB,8GB
Note 12i,128GB,4GB
Note 12,64GB,4GB
Hot 12,128GB,4GB
Smart 6 HD,32GB,2GB
Hot 11 2022,64GB,4GB
Hot 12i,64GB,2GB
Zero 5G,128GB,8GB
Smart 5 Pro,32GB,2GB
Hot 11 Play,64GB,4GB
Note 11i,64GB,4GB
Note 11s,64GB,4GB
Note 11,64GB,4GB
Smart 6,32GB,2GB
Note 11 Pro,128GB,4GB
Hot 11s,64GB,4GB
Hot 11,64GB,4GB
Zero X Pro,128GB,8GB
Zero X,128GB,8GB
Zero X Neo,128GB,8GB
Hot 10i,32GB,3GB
Note 10 Pro NFC,128GB,6GB
Note 10 Pro,64GB,6GB
Note 10,64GB,4GB
Hot 10T,64GB,4GB
Hot 10s NFC,64GB,4GB
Hot 10s,64GB,4GB
Smart 5 (India),32GB,2GB
Hot 10 Play,32GB,2GB
Smart HD 2021,32GB,2GB
Zero 8i,128GB,8GB
Note 8,128GB,6GB
Note 8i,64GB,4GB
Hot 10 Lite,32GB,2GB
Hot 10,64GB,3GB
Zero 8,128GB,8GB
Smart 5,32GB,2GB
Hot 9 Play,32GB,2GB
Note 7,64GB,4GB
Note 7 Lite,64GB,4GB
Hot 9 Pro,64GB,4GB
Hot 9,32GB,2GB
S5 Pro (16+32),64GB,4GB
S5 Pro (48+40),64GB,4GB
S5 Pro,64GB,4GB
S5 lite,32GB,3GB
Smart 4,16GB,1GB
Smart 4c,32GB,2GB
Hot 8 Lite,32GB,2GB
S5,64GB,4GB
Hot 8,32GB,2GB
Note 6,64GB,4GB
Smart3 Plus,32GB,2GB
S4,32GB,3GB
Hot 7 Pro,32GB,2GB
Hot 7,16GB,1GB
Zero 6 Pro,128GB,6GB
Zero 6,64GB,6GB
Smart 2 HD,16GB,1GB
Hot 6X,16GB,2GB
Note 5 Stylus,32GB,4GB
S3X,32GB,3GB
Hot 6,16GB,1GB
Note 5,32GB,3GB
Smart 2 Pro,16GB,2GB
Smart 2,16GB,1GB
Hot 6 Pro,16GB,2GB
Hot S3,32GB,3GB
Zero 5 Pro,128GB,6GB
Zero 5,64GB,6GB
Hot 5 Lite,16GB,1GB
Hot 5,16GB,2GB
Note 4 Pro,16GB,2GB
Note 4,16GB,2GB
Smart,16GB,1GB
Zero 4 Plus,64GB,4GB
Zero 4,32GB,3GB
S2 Pro,16GB,2GB
Hot 4 Pro,16GB,2GB
Hot 4,16GB,1GB
Note 3 Pro,16GB,2GB
Note 3,16GB,2GB
Hot S,16GB,2GB
Tab M11,64GB,4GB
Legion Y700 (2023),256GB,12GB
Tab P12,128GB,4GB
Tab M10,128GB,4GB
Tab Extreme,256GB,12GB
Tab M9,32GB,3GB
Tab M8 (4th Gen),32GB,3GB
Tab P11 Gen 2,64GB,4GB
Tab P11 Pro Gen 2,128GB,4GB
Tab M10 Gen 3,32GB,3GB
Pad Pro 2022,128GB,6GB
Legion Y70,128GB,8GB
Tab M10 Plus (3rd Gen),32GB,3GB
Legion Y700,128GB,8GB
Legion Y90,256GB,12GB
K14 Plus,64GB,4GB
Tab K10,32GB,3GB
Tab P12 Pro,128GB,6GB
Tab P11 5G,128GB,6GB
K13 Pro,64GB,4GB
K13,32GB,2GB
Yoga Tab 11,128GB,4GB
Tab P11 Plus,64GB,4GB
Tab M8 (3rd Gen),32GB,2GB
Tab M7 (3rd Gen),32GB,2GB
K13 Note,128GB,4GB
Yoga Tab 13,256GB,8GB
Pad Pro,128GB,6GB
Pad Plus,128GB,6GB
Pad,64GB,4GB
Legion 2 Pro,128GB,8GB
Legion Duel 2,256GB,12GB
K12 Pro,64GB,4GB
K12 (China),64GB,4GB
A8 2020,64GB,4GB
Tab P11 Pro,128GB,4GB
Tab P11,64GB,4GB
Tab M10 HD Gen 2,32GB,2GB
Legion Duel,256GB,12GB
Legion Pro,128GB,8GB
A7,64GB,4GB
M10 Plus,32GB,2GB
M10 FHD REL,32GB,3GB
Yoga Smart Tab,64GB,4GB
K10 Plus,64GB,4GB
K10 Note,64GB,4GB
A6 Note,16GB,2GB
Tab M8 (FHD),16GB,2GB
Tab M8 (HD),16GB,2GB
Tab M7,8GB,1GB
Z6,64GB,6GB
Z6 Pro 5G,128GB,6GB
Z6 Youth,64GB,4GB
Z6 Pro,128GB,6GB
K6 Enjoy,64GB,4GB
Tab V7,64GB,3GB
S5 Pro GT,64GB,4GB
Z5s,64GB,4GB
Z5 Pro GT,128GB,6GB
Z5 Pro,64GB,6GB
S5 Pro,64GB,6GB
K5 Pro,64GB,4GB
K9,32GB,3GB
Z5,64GB,6GB
K5 Note (2018),32GB,3GB
A5,16GB,3GB
K5 play,16GB,2GB
K5,32GB,3GB
S5,32GB,3GB
K320t,16GB,2GB
moto tab,32GB,2GB
Tab 7 Essential,8GB,2GB
Tab 7,16GB,1GB
K8 Plus,32GB,3GB
K8,32GB,3GB
K8 Note,32GB,3GB
Tab 4 10 Plus,16GB,3GB
Tab 4 10,16GB,2GB
Tab 4 8 Plus,16GB,3GB
Tab 4 8,16GB,2GB
Tab3 8 Plus,16GB,3GB
ZUK Edge,64GB,4GB
A6600 Plus,16GB,2GB
A6600,16GB,1GB
B,8GB,1GB
A Plus,8GB,1GB
P2,32GB,3GB
K6 Note,32GB,3GB
K6 Power,16GB,2GB
K6,16GB,2GB
Yoga Tab 3 10,16GB,2GB
Yoga Tab 3 Plus,32GB,3GB
Vibe A,4GB,512MB
C2 Power,16GB,2GB
C2,8GB,1GB
Phab2 Plus,32GB,3GB
Phab2,32GB,3GB
Phab2 Pro,64GB,4GB
ZUK Z2,32GB,3GB
Vibe C,8GB,1GB
ZUK Z2 Pro,64GB,4GB
Tab3 10,32GB,2GB
Tab3 8,16GB,1GB
Tab3 7,8GB,1GB
Vibe K5 Plus,16GB,2GB
Vibe K5,16GB,2GB
A7000 Turbo,16GB,2GB
Vibe P1 Turbo,32GB,3GB
K5 Note,32GB,3GB
Lemon 3,16GB,2GB
Vibe S1 Lite,16GB,2GB
Vibe K4 Note,8GB,2GB
Vibe X3 c78,16GB,2GB
Vibe X3,32GB,3GB
A3690,8GB,1GB
Yoga Tab 3 Pro,64GB,4GB
Yoga Tab 3 8.0,16GB,1GB
A1000,8GB,1GB
Phab,16GB,1GB
Phab Plus,32GB,2GB
Vibe P1,32GB,2GB
A6010 Plus,16GB,2GB
A6010,8GB,1GB
Vibe P1m,16GB,2GB
Vibe S1,32GB,3GB
ZUK Z1,64GB,3GB
A2010,8GB,1GB
A616,4GB,512MB
A3900,4GB,512MB
K80,32GB,2GB
S60,8GB,2GB
A6000 Plus,16GB,2GB
A1900,4GB,512MB
K3 Note,16GB,2GB
Vibe Shot,32GB,3GB
A7000 Plus,16GB,2GB
A7000,8GB,2GB
A5000,8GB,1GB
Tab 2 A10-70,16GB,2GB
Tab 2 A8-50,8GB,1GB
P70,16GB,2GB
Tab 2 A7-30,16GB,1GB
Tab 2 A7-20,8GB,1GB
Tab 2 A7-10,8GB,1GB
A6000,8GB,1GB
P90,32GB,2GB
Vibe X2 Pro,32GB,2GB
K3,16GB,1GB
Golden Warrior Note 8,8GB,1GB
A916,8GB,1GB
A319,4GB,512MB
S856,8GB,1GB
S580,8GB,1GB
S90 Sisley,16GB,1GB
A606,8GB,1GB
Yoga Tablet 2 Pro,32GB,2GB
Yoga Tablet 2 10.1,16GB,2GB
Yoga Tablet 2 8.0 ,16GB,2GB
Tab S8,16GB,2GB
Vibe X2,32GB,2GB
Vibe Z2,32GB,2GB
A850+,4GB,1GB
Vibe Z2 Pro,32GB,3GB
Golden Warrior A8,16GB,2GB
Golden Warrior S8,8GB,1GB
S939,8GB,1GB
S750,4GB,1GB
A889,8GB,1GB
A680,4GB,1GB
A316i,4GB,512MB
A328,4GB,1GB
A536,8GB,1GB
A526,4GB,1GB
A10-70 A7600,16GB,1GB
A8-50 A5500,8GB,1GB
A7-50 A3500,8GB,1GB
A7-30 A3300,8GB,1GB
Yoga Tablet 10 HD+,16GB,2GB
S860,16GB,2GB
S850,16GB,1GB
S660,8GB,1GB
A880,8GB,1GB
A859,8GB,1GB
S930,8GB,1GB
S650,8GB,1GB
Vibe Z K910,16GB,2GB
Yoga Tablet 10,16GB,1GB
Yoga Tablet 8,16GB,1GB
A630,4GB,512MB
A516,4GB,512MB
Vibe X S960,16GB,2GB
S5000,16GB,1GB
A850,4GB,1GB
A706,4GB,1GB
P780,4GB,1GB
S820,4GB,1GB
A390,4GB,512MB
A369i,4GB,512MB
A269i,512MB,256MB
S920,4GB,1GB
IdeaTab S6000H,32GB,1GB
IdeaTab S6000F,16GB,1GB
IdeaTab S6000L,16GB,1GB
IdeaTab S6000,16GB,1GB
IdeaTab A3000,16GB,1GB
IdeaTab A1000,4GB,1GB
K900,16GB,2GB
S890,4GB,1GB
IdeaTab A2107,16GB,1GB
A830,4GB,1GB
A820,4GB,1GB
A800,,512MB
A789,4GB,512MB
A690,,512MB
S720,4GB,512MB
P770,4GB,1GB
A60+,,256MB
S560,4GB,512MB
S880,4GB,512MB
A660,4GB,512MB
K860,8GB,1GB
P700i,,512MB
LePhone S2,8GB,512MB
K800,16GB,1GB
IdeaPad S2,32GB,1GB
LePad S2010,16GB,1GB
LePad S2007,16GB,1GB
LePad S2005,8GB,1GB
IdeaPad A1,16GB,512MB
IdeaPad K1,16GB,1GB
ThinkPad,16GB,1GB
K12,32GB,2GB
ZUK Z1 mini,16GB,2GB
A5860,8GB,1GB
ideapad,16GB,2GB
Vibe Z3 Pro,32GB,4GB
Ultra Tab,64GB,4GB
W41 Pro,128GB,6GB
W41+,128GB,4GB
W41,64GB,4GB
W31+,128GB,4GB
W31,64GB,4GB
W11,32GB,3GB
K92 5G,128GB,6GB
K62,64GB,4GB
Q52,64GB,4GB
K52,64GB,4GB
K42,64GB,3GB
K71,128GB,4GB
Wing 5G,128GB,8GB
K22,32GB,2GB
Q92 5G,128GB,6GB
Q31,32GB,3GB
K31,32GB,2GB
Velvet 5G UW,128GB,6GB
Q61,64GB,4GB
Stylo 6,64GB,3GB
Velvet,128GB,6GB
Velvet 5G,128GB,6GB
Folder 2,8GB,1GB
V60 ThinQ 5G UW,128GB,8GB
V60 ThinQ 5G,128GB,8GB
Q51,32GB,3GB
W10 Alpha,32GB,3GB
K61,64GB,4GB
K51S,64GB,3GB
K41S,32GB,3GB
G Pad 5 10.1,32GB,4GB
V50S ThinQ 5G,256GB,8GB
G8X ThinQ,128GB,6GB
Q70,64GB,4GB
K30 (2019),16GB,2GB
K20 (2019),16GB,1GB
K40S,32GB,2GB
K50S,32GB,3GB
W30 Pro,64GB,4GB
W30,32GB,3GB
W10,32GB,3GB
Stylo 5,32GB,3GB
V50 ThinQ 5G,128GB,6GB
G8S ThinQ,64GB,6GB
G8 ThinQ,128GB,6GB
Q60,64GB,3GB
K50,32GB,3GB
K40,32GB,2GB
Q9,64GB,4GB
V40 ThinQ,64GB,6GB
Watch W7,4GB,768MB
Tribute Empire,16GB,2GB
Candy,16GB,2GB
G7 Fit,32GB,4GB
G7 One,32GB,4GB
Q8 (2018),64GB,4GB
K11 Plus,16GB,2GB
Q Stylo 4,32GB,2GB
Q Stylus,32GB,3GB
V35 ThinQ,64GB,6GB
Q7,32GB,3GB
G7 ThinQ,64GB,4GB
V30S ThinQ,128GB,6GB
Zone 4,16GB,2GB
X power 3,16GB,2GB
K30,32GB,2GB
K10 (2018),16GB,2GB
K8 (2018),16GB,2GB
Aristo 2,16GB,2GB
X4+,32GB,2GB
V30,64GB,4GB
Q8 (2017),32GB,4GB
Q6,16GB,2GB
G Pad IV 8.0 FHD,32GB,2GB
X venture,32GB,2GB
G6,32GB,4GB
X power2,16GB,1.5GB
Watch Sport,4GB,768MB
Watch Style,4GB,512MB
Stylo 3 Plus,32GB,2GB
Stylus 3,16GB,2GB
Harmony,16GB,1.5GB
K20 plus,16GB,2GB
K10 (2017),16GB,2GB
K8 (2017),16GB,1.5GB
K7 (2017),8GB,1GB
K4 (2017),,1GB
K3 (2017),8GB,1GB
G Pad III 10.1 FHD,32GB,2GB
U,32GB,2GB
V20,32GB,4GB
X Skin,16GB,1.5GB
X5,16GB,2GB
X max,16GB,1.5GB
X mach,32GB,3GB
G Pad III 8.0 FHD,16GB,2GB
G Pad X 8.0,16GB,2GB
X power,16GB,2GB
X style,16GB,1.5GB
Stylus 2 Plus,16GB,2GB
Stylo 2,16GB,2GB
K5,8GB,1GB
K3,8GB,1GB
G5 SE,32GB,3GB
G5,32GB,4GB
X cam,16GB,2GB
X screen,16GB,2GB
K8,8GB,1.5GB
Stylus 2,16GB,1.5GB
K10,16GB,1GB
K7,8GB,1GB
K4,8GB,1GB
G Pad II 8.3 LTE,16GB,2GB
Ray,16GB,1GB
G Vista 2,16GB,2GB
G Watch R W110,4GB,512MB
Watch Urbane W150,4GB,512MB
Watch Urbane 2nd Edition LTE,4GB,768MB
V10,32GB,4GB
Nexus 5X,16GB,2GB
Zero,16GB,1.5GB
G Pad II 10.1,16GB,2GB
G Pad II 8.0 LTE,32GB,1.5GB
Wine Smart,4GB,1GB
Tribute 2,8GB,1GB
Bello II,8GB,1GB
G4 Beat,8GB,1.5GB
G360,32MB,8MB
G350,32MB,8MB
G4c,8GB,1GB
G4 Dual,32GB,3GB
G4,32GB,3GB
G Stylo,8GB,1GB
G4 Stylus,8GB,1GB
AKA,16GB,1.5GB
Watch Urbane LTE,4GB,1GB
G Watch W100,4GB,512MB
Magna,8GB,1GB
Spirit,8GB,1GB
Leon,8GB,1GB
Joy,4GB,512MB
G Flex2,16GB,2GB
Tribute,4GB,1GB
L Prime,8GB,1GB
G2 Lite,4GB,1GB
G3 Dual-LTE,32GB,3GB
G3 Screen,32GB,2GB
F60,4GB,1GB
L60,4GB,512MB
L60 Dual,4GB,512MB
G3 Stylus,8GB,1GB
L Bello,8GB,1GB
L Fino,4GB,1GB
G Pad 8.0 LTE,16GB,1GB
G Vista,8GB,1.5GB
G3 A,32GB,2GB
G Pad 7.0 LTE,16GB,1GB
L50,4GB,512MB
L30,4GB,512MB
L20,4GB,512MB
G Vista (CDMA),8GB,1.5GB
G3 LTE-A,32GB,3GB
G3 S Dual,8GB,1GB
G3 S,8GB,1GB
L65 D280,4GB,1GB
G3 (CDMA),32GB,3GB
G3,16GB,2GB
450,256MB,128MB
L35,4GB,512MB
Volt,8GB,1GB
G Pad 10.1 LTE,16GB,1GB
G Pad 10.1,16GB,1GB
G Pad 8.0,16GB,1GB
G Pad 7.0,8GB,1GB
L80,8GB,1GB
L80 Dual,4GB,1GB
Lucid 3 VS876,8GB,1GB
L65 Dual D285,4GB,1GB
G Pad 8.3 LTE,16GB,2GB
F70 D315,4GB,1GB
G2 mini LTE (Tegra),8GB,1GB
G2 mini LTE,8GB,1GB
G2 mini,8GB,1GB
L90 Dual D410,8GB,1GB
L90 D405,8GB,1GB
L70 D320N,4GB,1GB
L70 Dual D325,4GB,1GB
L45 Dual X132,4GB,512MB
L40 D160,4GB,512MB
L40 Dual D170,4GB,512MB
G Pro 2,16GB,3GB
Optimus L4 II Tri E470,4GB,512MB
Optimus L1 II Tri E475,4GB,512MB
Optimus F3Q,4GB,1GB
GX F310L,32GB,2GB
Nexus 5,16GB,2GB
G Flex,32GB,2GB
G Pro Lite,8GB,1GB
G Pro Lite Dual,8GB,1GB
Optimus L2 II E435,,512MB
Vu 3 F300L,16GB,2GB
G Pad 8.3,16GB,2GB
G2,16GB,2GB
Optimus L9 II,8GB,1GB
Enact VS890,8GB,1GB
Optimus GJ E975W,16GB,2GB
Optimus L4 II Dual E445,4GB,512MB
Optimus L4 II E440,4GB,512MB
Optimus Zone VS410,4GB,512MB
Optimus F3,4GB,1GB
Lucid2 VS870,8GB,1GB
Optimus F7,8GB,1GB
Optimus F6,4GB,1GB
Optimus F5,8GB,1GB
Optimus G Pro E985,16GB,2GB
Optimus L7 II Dual P715,4GB,768MB
Optimus L7 II P710,4GB,768MB
Optimus L5 II Dual E455,,512MB
Optimus L5 II E460,,512MB
Optimus L3 II Dual E435,,512MB
Optimus L3 II E430,,512MB
Optimus L1 II E410,,512MB
Nexus 4 E960,8GB,2GB
Spectrum II 4G VS930,16GB,1GB
Mach LS860,8GB,1GB
Optimus L9 P769,4GB,1GB
Optimus Vu II,16GB,2GB
Optimus Vu II F200,,2GB
Optimus G E970,16GB,2GB
Optimus G LS970,32GB,2GB
Optimus G E975,,2GB
Intuition VS950,32GB,1GB
Splendor US730,4GB,768MB
Escape P870,4GB,1GB
Optimus L5 Dual E615,,512MB
Optimus L9 P760,4GB,1GB
Motion 4G MS770,,1GB
Optimus Vu P895,32GB,1GB
Optimus L3 E405,1GB,384MB
Optimus Elite LS696,4GB,512MB
Optimus LTE2,16GB,2GB
Optimus True HD LTE P936,4GB,1GB
Lucid 4G VS840,8GB,1GB
Optimus M+ MS695,4GB,512MB
Optimus 4X HD P880,,1GB
Optimus 3D Max P720,,1GB
Optimus 3D Cube SU870,16GB,1GB
Optimus L7 P700,,512MB
Optimus L5 E610,,512MB
Optimus Vu F100S,32GB,1GB
Optimus LTE Tag,16GB,1GB
Optimus L3 E400,1GB,384MB
Rumor Reflex  LN272,480MB,256MB
Connect 4G MS840,,1GB
Viper 4G LTE LS840,,1GB
Spectrum VS920,4GB,1GB
Prada 3.0,8GB,1GB
Nitro HD,4GB,1GB
Optimus 4G LTE P935,2GB,1GB
DoublePlay,2GB,512MB
Optimus Slider,,512MB
Optimus LTE SU640,4GB,1GB
Optimus LTE LU6200,4GB,1GB
Optimus EX SU880,8GB,1GB
Optimus Q2 LU6500,8GB,1GB
Optimus Hub E510,512MB,512MB
Optimus Sol E730,2GB,512MB
Optimus Net Dual,150MB,512MB
Optimus Net,512MB,512MB
Esteem MS910,8GB,512MB
Marquee LS855,4GB,512MB
Optimus Black (White version),2GB,512MB
Optimus Pro C660,512MB,256MB
A350,59MB,128MB
A200,,64MB
Thrill 4G P925,8GB,512MB
Optimus 3D P920,8GB,512MB
Optimus Me P350,,140MB
Optimus Black P970,,512MB
Optimus 2X SU660,8GB,512MB
Optimus 2X,8GB,512MB
P525,15MB,32MB
P520,15MB,32MB
Axis,512MB,256MB
Apex,512MB,256MB
Quantum,16GB,512MB
C900 Optimus 7Q ,16GB,512MB
E900 Optimus 7,16GB,512MB
Optimus One P500,170MB,512MB
C710 Aloha,512MB,256MB
Fathom VS750,,256MB
GT540 Optimus,139MB,156MB
GW990,,512MB
GW880,512MB,256MB
GW820 eXpo,,256Mb
CT810 Incite,,128MB
G4 Pro,32GB,4GB
Optimus LTE,,1GB
X3,16GB,1GB
C210,32GB,3GB
G310,128GB,4GB
G42,128GB,4GB
C300,32GB,3GB
C110,32GB,3GB
XR21,128GB,6GB
C12 Plus,32GB,2GB
C12 Pro,64GB,2GB
C32,64GB,3GB
C22,64GB,2GB
G22,64GB,4GB
C02,32GB,2GB
C12,64GB,2GB
2780 Flip,4GB,512MB
X30,128GB,6GB
G100,32GB,3GB
G60,64GB,4GB
C31,32GB,3GB
T21,64GB,4GB
G400,64GB,4GB
110 (2022),,4MB
8210 4G,128MB,48MB
5710 XpressAudio,128MB,48MB
2760 Flip,4GB,512MB
2660 Flip,128MB,48MB
T10,32GB,3GB
G11 Plus,32GB,3GB
C200,32GB,3GB
C100,32GB,3GB
C21 Plus,32GB,2GB
C21,32GB,2GB
105+ (2022),,4MB
105 (2022),,4MB
C2 2nd Edition,32GB,1GB
G11,32GB,3GB
G21,64GB,3GB
X100,128GB,6GB
G300,64GB,4GB
T20,32GB,3GB
G50,64GB,4GB
XR20,64GB,4GB
C30,32GB,2GB
6310 (2021),16MB,8MB
C1 2nd Edition,16GB,1GB
110 4G,48MB,128MB
105 4G,48MB,128MB
C20 Plus,32GB,3GB
C01 Plus,16GB,1GB
X20,128GB,6GB
X10,64GB,6GB
G20,64GB,4GB
G10,32GB,3GB
C20,16GB,1GB
C10,16GB,1GB
1.4,16GB,1GB
5.4,64GB,4GB
C1 Plus,16GB,1GB
8000 4G,4GB,512MB
6300 4G,4GB,512MB
8 V 5G UW,64GB,6GB
2 V Tella,16GB,2GB
225 4G,128MB,64MB
215 4G,128MB,64MB
3.4,32GB,3GB
2.4,32GB,2GB
C3,16GB,2GB
C5 Endi,64GB,3GB
C2 Tennen,16GB,2GB
C2 Tava,16GB,2GB
8.3 5G,64GB,6GB
5.3,64GB,3GB
1.3,16GB,1GB
5310 (2020),16MB,8MB
C2,16GB,1GB
C1,16GB,1GB
2.3,32GB,2GB
7.2,64GB,4GB
6.2,32GB,3GB
220 4G,24MB,16MB
105 (2019),4MB,4MB
3.1 C,32GB,2GB
3.1 A,32GB,2GB
2.2,16GB,2GB
X71,64GB,6GB
9 PureView,128GB,6GB
4.2,16GB,2GB
3 V,16GB,2GB
3.2,16GB,2GB
1 Plus,8GB,1GB
8.1 (Nokia X7),64GB,4GB
106 (2018),4MB,4MB
3.1 Plus,16GB,2GB
7.1,32GB,3GB
6.1 Plus (Nokia X6),32GB,4GB
5.1 Plus (Nokia X5),32GB,3GB
5.1,16GB,2GB
3.1,16GB,2GB
2.1,8GB,1GB
8110 4G,4GB,512MB
8 Sirocco,128GB,6GB
7 plus,64GB,4GB
6.1,32GB,3GB
1,8GB,1GB
3310 4G,512MB,256MB
2,8GB,1GB
7,64GB,4GB
8,64GB,4GB
105 (2017),4MB,4MB
130 (2017),8MB,4MB
3,16GB,2GB
5,16GB,2GB
6,32GB,3GB
216,,16MB
230 Dual SIM,,16MB
230,,16MB
222 Dual SIM,,16MB
222,,16MB
105 Dual SIM (2015),,4MB
105 (2015),,4MB
215,,8MB
215 Dual SIM,,8MB
Lumia 638,8GB,1GB
N1,32GB,2GB
Lumia 730 Dual SIM,8GB,1GB
Lumia 735,8GB,1GB
Lumia 830,16GB,1GB
130 Dual SIM,,4MB
130,,4MB
Lumia 530 Dual SIM,4GB,512MB
Lumia 530,4GB,512MB
X2 Dual SIM,4GB,1GB
Lumia 930,32GB,2GB
Lumia 630 Dual SIM,8GB,512MB
Lumia 630,8GB,512MB
XL,4GB,768MB
X+,4GB,768MB
X,4GB,512MB
Asha 230,,64MB
Lumia Icon,32GB,2GB
Lumia 525,8GB,1GB
Lumia 1520,16GB,2GB
Lumia 1320,8GB,1GB
Lumia 2520,32GB,2GB
Asha 502 Dual SIM,,64MB
Asha 500 Dual SIM,,64MB
Asha 500,,64MB
108 Dual SIM,,4MB
515,256MB,64MB
107 Dual SIM,,4MB
106,384,kB
Lumia 625,8GB,512MB
Lumia 1020,32GB,2GB
208,256MB,64MB
207,256MB,64MB
Lumia 925,16GB,1GB
Lumia 928,32GB,1GB
Asha 501,128MB,64MB
Asha 210,64MB,32MB
Lumia 720,8GB,512MB
Lumia 520,8GB,512MB
301,,64MB
Lumia 505,4GB,256MB
Lumia 620,8GB,512MB
109,,16MB
Lumia 822,16GB,1GB
Lumia 510,4GB,256MB
Lumia 810,8GB,1GB
Lumia 920,32GB,1GB
Lumia 820,8GB,1GB
Lumia 610 NFC,8GB,256MB
808 PureView,16GB,512MB
800c,16GB,512MB
Lumia 610,8GB,256MB
Lumia 900,16GB,512MB
Lumia 900 AT&T,16GB,512MB
801T,8GB,256MB
Lumia 800,16GB,512MB
Lumia 710 T-Mobile,8GB,512MB
Lumia 710,8GB,512MB
Asha 303,,128MB
603,,512MB
C5-06,40MB,128MB
C5-05,40MB,128MB
C5-04,60MB,128MB
701,8GB,512MB
700,2GB,512MB
C3-01 Gold Edition,140MB,64MB
500,2GB,256MB
N9,16GB,1GB
C5 5MP,270MB,256MB
702T,8GB,256MB
T7,290MB,256MB
N950,,1GB
Oro,8GB,256MB
X7-00,,256MB
E6,8GB,256MB
C7 Astound,8GB,256MB
X2-01,55MB,64MB
C2-01,43MB,64MB
C5-03,40MB,128MB
E7,16GB,256MB
C6-01,340MB,256MB
C7,8GB,256MB
C3-01 Touch and Type,30MB,64MB
X3-02 Touch and Type,,128MB
X6 8GB (2010),8GB,128MB
5233,70MB,128MB
C2-00,,16MB
C1-01,10MB,16MB
N8,16GB,256MB
E5,250MB;,256MB
C3 (2010),55MB,64MB
C5,50MB,128MB
X6 16GB (2010),16GB,128MB
2710 Navigation Edition,,64MB
X6 (2009),32GB,128MB
6700 slide,45MB,128MB
6788,4GB,128MB
N97 mini,8GB,128MB
N900,32GB,256MB
5230,70MB,128MB
5800 Navigation Edition,81MB,128MB
E72,250MB,128MB
5730 XpressMusic,100MB,128MB
N86 8MP,8GB,128MB
5630 XpressMusic,60MB,128MB
N97,32GB,128MB
5800 XpressMusic,81MB,128MB
E71,110MB,128MB
E66,110MB,128MB
703,8GB,512MB
2680 slide,12MB,4MB
N96,16GB,128MB
N78,76MB,96MB
6220 classic,120MB,128MB
6210 Navigator,120MB,128MB
6124 classic,35MB,64MB
N82,100MB,128MB
E51,130MB,96MB
E51 camera-free,130MB,96MB
N81 8GB,8GB,96MB
N81,12MB,96MB
N95 8GB,8GB,128MB
N810,,128MB
6120 classic,32MB,64MB
6121 classic,32MB,64MB
5700,38MB,64MB
E65,50MB,64MB
E61i,60MB,64MB
N77,20MB,64MB
6110 Navigator,40MB,128MB
N800,,128MB
N76,26MB,96MB
N93i,50MB,64MB
6290,45MB,64MB
N95,160MB,64MB
N75,40MB,64MB
E50,70MB,32MB
5500 Sport,8MB,64MB
N93,50MB,64MB
N73,42MB,64MB
N92,40MB,64MB
N80,40MB,64MB
E70,64MB,64MB
E62,80MB,32MB
E61,64MB,64MB
E60,64MB,64MB
3250,10MB,64MB
N91,4GB,64MB
9210i Communicator,40MB,8MB
G,32GB,3GB
7.3,64GB,6GB
9.3 PureView,128GB,6GB
8.1 Plus,64GB,4GB
Galaxy S24 Ultra,256GB,12GB
Galaxy S24+,256GB,12GB
Galaxy S24,128GB,8GB
Galaxy Xcover7,128GB,6GB
Galaxy Tab Active5,128GB,6GB
Galaxy A25,128GB,6GB
Galaxy A15 5G,128GB,4GB
Galaxy A15,128GB,4GB
Galaxy Tab A9+,64GB,4GB
Galaxy Tab A9,64GB,4GB
Galaxy S23 FE,128GB,8GB
Galaxy Tab S9 FE+,128GB,8GB
Galaxy Tab S9 FE,128GB,6GB
Galaxy A05s,64GB,4GB
Galaxy A05,64GB,4GB
Galaxy F34,128GB,6GB
Galaxy Z Fold5,256GB,12GB
Galaxy Z Flip5,256GB,8GB
Galaxy Tab S9 Ultra,256GB,12GB
Galaxy Tab S9+,256GB,12GB
Galaxy Tab S9,128GB,8GB
Galaxy Watch6 Classic,16GB,2GB
Galaxy Watch6,16GB,2GB
Galaxy M34 5G,128GB,6GB
Galaxy F54,256GB,8GB
Galaxy A24 4G,128GB,4GB
Galaxy F14,128GB,4GB
Galaxy M54,128GB,8GB
Galaxy A54,128GB,4GB
Galaxy A34,128GB,4GB
Galaxy M14,64GB,4GB
Galaxy S23 Ultra,256GB,8GB
Galaxy S23+,256GB,8GB
Galaxy S23,128GB,8GB
Galaxy A14,64GB,4GB
Galaxy A14 5G,64GB,4GB
Galaxy F04,64GB,4GB
Galaxy M04,64GB,4GB
Galaxy Tab A7 10.4 (2022),32GB,3GB
Galaxy A04e,32GB,3GB
Galaxy Tab Active4 Pro,64GB,4GB
Galaxy A04s,32GB,3GB
Galaxy A04,32GB,3GB
Galaxy Z Fold4,256GB,12GB
Galaxy Z Flip4,128GB,8GB
Galaxy Watch5 Pro,16GB,1.5GB
Galaxy Watch5,16GB,1.5GB
Galaxy A23 5G,64GB,4GB
Galaxy M13 5G,64GB,4GB
Galaxy M13 (India),64GB,4GB
Galaxy A13 (SM-A137),32GB,3GB
Galaxy Xcover6 Pro,128GB,6GB
Galaxy F13,64GB,4GB
Galaxy M13,64GB,4GB
Galaxy Tab S6 Lite (2022),64GB,4GB
Galaxy M53,128GB,6GB
Galaxy S20 FE 2022,128GB,6GB
Galaxy A73 5G,128GB,6GB
Galaxy A53 5G,128GB,4GB
Galaxy A33 5G,128GB,4GB
Galaxy F23,128GB,4GB
Galaxy M33,128GB,6GB
Galaxy M23,64GB,4GB
Galaxy A23,64GB,4GB
Galaxy A13,32GB,3GB
Galaxy S22 Ultra 5G,128GB,8GB
Galaxy S22+ 5G,128GB,8GB
Galaxy S22 5G,128GB,8GB
Galaxy Tab S8 Ultra,128GB,8GB
Galaxy Tab S8+,128GB,8GB
Galaxy Tab S8,128GB,8GB
Galaxy S21 FE 5G,128GB,6GB
Galaxy Tab A8 10.5 (2021),32GB,2GB
Galaxy A13 5G,64GB,4GB
Galaxy A03,32GB,2GB
Galaxy A03 Core,32GB,2GB
Galaxy F42 5G,128GB,6GB
Galaxy M52 5G,128GB,6GB
Galaxy M22,64GB,4GB
Galaxy M32 5G,128GB,6GB
Galaxy A03s,32GB,2GB
Galaxy A52s 5G,128GB,4GB
Galaxy Z Fold3 5G,256GB,12GB
Galaxy Z Flip3 5G,128GB,8GB
Galaxy Watch4 Classic,16GB,1.5GB
Galaxy Watch4,16GB,1.5GB
Galaxy A12 (India),64GB,4GB
Galaxy A12 Nacho,32GB,3GB
Galaxy M21 2021,64GB,4GB
Galaxy F22,64GB,4GB
Galaxy M32,64GB,4GB
Galaxy A22 5G,64GB,4GB
Galaxy A22,64GB,4GB
Galaxy Tab A7 Lite,32GB,2GB
Galaxy Tab S7 FE,64GB,4GB
Galaxy F52 5G,128GB,8GB
Galaxy M42 5G,128GB,6GB
Galaxy M12,32GB,3GB
Galaxy Quantum 2,128GB,6GB
Galaxy F12,64GB,4GB
Galaxy F02s,32GB,3GB
Galaxy A72,128GB,6GB
Galaxy A52 5G,128GB,6GB
Galaxy A52,128GB,4GB
Galaxy Xcover 5,64GB,4GB
Galaxy A32,64GB,4GB
Galaxy M62,128GB,8GB
Galaxy F62,128GB,6GB
Galaxy M12 (India),64GB,4GB
Galaxy S21 Ultra 5G,128GB,12GB
Galaxy S21+ 5G,128GB,8GB
Galaxy S21 5G,128GB,8GB
Galaxy A32 5G,64GB,4GB
Galaxy M02s,32GB,3GB
Galaxy A12,32GB,2GB
Galaxy M02,32GB,2GB
Galaxy A02,32GB,2GB
Galaxy A02s,16GB,1GB
Galaxy M21s,64GB,4GB
Galaxy M31 Prime,128GB,6GB
Galaxy F41,64GB,6GB
Galaxy Tab Active3,64GB,4GB
Galaxy S20 FE 5G,128GB,6GB
Galaxy S20 FE,128GB,6GB
Galaxy A42 5G,128GB,4GB
Galaxy Tab A7 10.4 (2020),32GB,3GB
Galaxy M51,128GB,6GB
Galaxy A51 5G UW,128GB,6GB
Galaxy Z Fold2 5G,256GB,12GB
Galaxy Note20 Ultra 5G,128GB,12GB
Galaxy Note20 Ultra,256GB,8GB
Galaxy Note20 5G,128GB,8GB
Galaxy Note20,256GB,8GB
Galaxy Watch3,4GB,1GB
Galaxy Tab S7+,128GB,6GB
Galaxy Tab S7,128GB,6GB
Galaxy Z Flip 5G,256GB,8GB
Galaxy M31s,128GB,6GB
Galaxy M01s,32GB,3GB
Galaxy M01 Core,16GB,1GB
Galaxy A01 Core,16GB,1GB
Galaxy A71 5G UW,128GB,8GB
Galaxy M01,32GB,3GB
Galaxy A21s,32GB,2GB
Galaxy J2 Core (2020),16GB,1GB
Galaxy A Quantum,128GB,8GB
Galaxy A71 5G,128GB,6GB
Galaxy A51 5G,128GB,6GB
Galaxy A21,32GB,3GB
Galaxy Tab A 8.4 (2020),32GB,3GB
Galaxy Tab S6 Lite,64GB,4GB
Galaxy M11,32GB,3GB
Galaxy A31,64GB,4GB
Galaxy A41,64GB,4GB
Galaxy M21,64GB,4GB
Galaxy A11,32GB,2GB
Galaxy M31,64GB,6GB
Galaxy S20 Ultra 5G,128GB,12GB
Galaxy S20 Ultra,128GB,12GB
Galaxy S20+ 5G,128GB,8GB
Galaxy S20+,128GB,8GB
Galaxy S20 5G UW,128GB,8GB
Galaxy S20 5G,128GB,8GB
Galaxy S20,128GB,8GB
Galaxy Z Flip,256GB,8GB
Galaxy Tab S6 5G,128GB,6GB
Galaxy Xcover Pro,64GB,4GB
Galaxy Note10 Lite,128GB,6GB
Galaxy S10 Lite,128GB,6GB
Galaxy A01,16GB,2GB
Galaxy A71,128GB,6GB
Galaxy A51,64GB,4GB
Galaxy Xcover FieldPro,64GB,4GB
Galaxy A70s,128GB,6GB
Galaxy A20s,32GB,2GB
Galaxy M30s,64GB,4GB
Galaxy M10s,32GB,3GB
Galaxy Fold 5G,512GB,12GB
Galaxy Fold,512GB,12GB
Galaxy Tab Active Pro,64GB,4GB
Galaxy A90 5G,128GB,6GB
Galaxy A30s,32GB,3GB
Galaxy A50s,64GB,4GB
Galaxy Note10+ 5G,256GB,12GB
Galaxy Note10+,256GB,12GB
Galaxy Note10 5G,256GB,12GB
Galaxy Note10,256GB,8GB
Galaxy Watch Active2,4GB,768MB
Galaxy Watch Active2 Aluminum,4GB,768MB
Galaxy A10s,32GB,2GB
Galaxy A10e,32GB,2GB
Galaxy Tab S6,64GB,4GB
Galaxy Tab A 8.0 (2019),32GB,2GB
Galaxy Xcover 4s,32GB,3GB
Galaxy A2 Core,8GB,1GB
Galaxy Watch Active,4GB,768MB
Galaxy View2,64GB,3GB
Galaxy S10 5G,256GB,8GB
Galaxy S10+,128GB,6GB
Galaxy S10,128GB,6GB
Galaxy S10e,128GB,6GB
Galaxy M40,64GB,4GB
Galaxy M30,32GB,3GB
Galaxy M20,32GB,3GB
Galaxy M10,16GB,2GB
Galaxy A80,128GB,8GB
Galaxy A70,128GB,6GB
Galaxy A60,64GB,6GB
Galaxy A50,64GB,4GB
Galaxy A40,64GB,4GB
Galaxy A30,32GB,3GB
Galaxy A20e,32GB,3GB
Galaxy A20,32GB,3GB
Galaxy A10,32GB,2GB
Galaxy Tab S5e,64GB,4GB
Galaxy Tab A 10.1 (2019),16GB,2GB
Galaxy Tab A 8.0 & S Pen (2019),32GB,3GB
Galaxy Tab Advanced2,32GB,3GB
Galaxy Tab A 8.0 (2018),32GB,2GB
Galaxy Tab S4 10.5,64GB,4GB
Galaxy Tab A 10.5,32GB,3GB
Galaxy A8s,128GB,6GB
Galaxy A6s,64GB,6GB
Galaxy A9 (2018),64GB,6GB
Galaxy A7 (2018),64GB,4GB
Galaxy Note9,128GB,6GB
Galaxy Watch,4GB,768MB
Galaxy J6+,32GB,3GB
Galaxy J4 Core,16GB,1GB
Galaxy J4+,16GB,2GB
Galaxy J2 Core,8GB,1GB
Galaxy On6,32GB,3GB
Galaxy J7 (2018),16GB,2GB
Galaxy J3 (2018),16GB,2GB
Galaxy A8 Star (A9 Star),64GB,4GB
Galaxy S Light Luxury,64GB,4GB
Galaxy J8,32GB,3GB
Galaxy J6,32GB,2GB
Galaxy J4,16GB,2GB
Galaxy A6+ (2018),32GB,3GB
Galaxy A6 (2018),32GB,3GB
Galaxy J7 Duo,32GB,3GB
Galaxy J7 Prime 2,32GB,3GB
Galaxy S9+,64GB,4GB
Galaxy S9,64GB,4GB
Galaxy J2 Pro (2018),16GB,1.5GB
Galaxy A8+ (2018),32GB,4GB
Galaxy A8 (2018),32GB,4GB
Galaxy J2 (2017),8GB,1GB
Galaxy Tab Active 2,16GB,3GB
Galaxy Tab A 8.0 (2017),16GB,2GB
Galaxy C7 (2017),32GB,4GB
Gear Sport,4GB,768MB
Galaxy Note8,64GB,6GB
Galaxy S8 Active,64GB,4GB
Galaxy J7 V,16GB,2GB
Galaxy Note FE,64GB,4GB
Galaxy J7 Max,32GB,4GB
Galaxy J7 (2017),16GB,3GB
Galaxy J7 Pro,16GB,3GB
Galaxy J5 (2017),16GB,2GB
Galaxy J3 (2017),16GB,2GB
Galaxy Folder2,16GB,2GB
Z4,8GB,1GB
Galaxy S8,64GB,4GB
Galaxy S8+,64GB,4GB
Gear S3 classic LTE,4GB,768MB
Galaxy C5 Pro,64GB,4GB
Galaxy Xcover 4,16GB,2GB
Galaxy Tab S3 9.7,32GB,4GB
Galaxy J1 mini prime,8GB,1GB
Galaxy J3 Emerge,16GB,1.5GB
Galaxy C7 Pro,64GB,4GB
Galaxy A7 (2017),32GB,3GB
Galaxy A5 (2017),32GB,3GB
Galaxy A3 (2017),16GB,2GB
Galaxy Grand Prime Plus,8GB,1.5GB
Galaxy J2 Prime,8GB,1.5GB
Galaxy C9 Pro,64GB,6GB
Galaxy A8 (2016),32GB,3GB
Galaxy On8,16GB,3GB
Galaxy On7 (2016),32GB,3GB
Gear S3 classic,4GB,768MB
Gear S3 frontier,4GB,768MB
Gear S3 frontier LTE,4GB,768MB
Galaxy J5 Prime,16GB,2GB
Galaxy J7 Prime,16GB,3GB
Z2,8GB,1GB
Galaxy Note7 (USA),64GB,4GB
Galaxy Note7,64GB,4GB
Galaxy On7 Pro,16GB,2GB
Galaxy On5 Pro,16GB,2GB
Galaxy Tab J,8GB,1.5GB
Galaxy J Max,8GB,1.5GB
Galaxy J2 Pro (2016),16GB,2GB
Galaxy J2 (2016),8GB,1.5GB
Z3 Corporate,8GB,1GB
Galaxy Xcover 3 G389F,8GB,1.5GB
Galaxy S7 active,32GB,4GB
Galaxy J3 Pro,16GB,2GB
Galaxy C7,32GB,4GB
Galaxy C5,32GB,4GB
Galaxy A9 Pro (2016),32GB,4GB
Galaxy J7 (2016),16GB,2GB
Galaxy J5 (2016),16GB,2GB
Galaxy Tab A 10.1 (2016),16GB,2GB
Galaxy Tab A 7.0 (2016),8GB,1.5GB
Galaxy S7,32GB,4GB
Galaxy S7 edge,32GB,4GB
Galaxy S7 edge (USA),32GB,4GB
Galaxy S7 (USA),32GB,4GB
Galaxy J1 Nxt,8GB,768MB
Gear S2 classic 3G,4GB,512MB
Galaxy Tab E 8.0,16GB,1.5GB
Galaxy J1 (2016),8GB,1GB
Galaxy A9 (2016),32GB,3GB
Galaxy A7 (2016),16GB,3GB
Galaxy A5 (2016),16GB,2GB
Galaxy A3 (2016),16GB,1.5GB
Galaxy Express Prime,16GB,1.5GB
Galaxy J3 (2016),8GB,1.5GB
Galaxy View,32GB,2GB
Galaxy On7,8GB,1.5GB
Galaxy On5,8GB,1.5GB
Z3,8GB,1GB
Galaxy J1 Ace,4GB,512MB
Gear S2 classic,4GB,512MB
Gear S2,4GB,512MB
Gear S2 3G,4GB,512MB
Galaxy Note5 (USA),32GB,4GB
Galaxy Note5,32GB,4GB
Galaxy Note5 Duos,32GB,4GB
Galaxy S6 edge+ (USA),32GB,4GB
Galaxy S6 edge+,32GB,4GB
Galaxy S6 edge+ Duos,32GB,4GB
Galaxy S5 Neo,16GB,2GB
Galaxy S4 mini I9195I,8GB,1.5GB
Galaxy Folder,8GB,1.5GB
Galaxy Tab S2 9.7,32GB,3GB
Galaxy Tab S2 8.0,32GB,3GB
Galaxy A8 Duos,32GB,2GB
Galaxy A8,32GB,2GB
Galaxy V Plus,4GB,512MB
Galaxy J7 Nxt,16GB,2GB
Galaxy J7,16GB,1.5GB
Galaxy J5,8GB,1.5GB
Galaxy Tab 4 10.1 (2015),16GB,1.5GB
Galaxy Tab E 9.6,8GB,1.5GB
Guru Plus ,,4MB
Metro 360,,64MB
Xcover 550,256MB,128MB
Galaxy S6 active,32GB,3GB
Galaxy Tab 3 V,8GB,1GB
Galaxy Tab A 9.7 & S Pen,16GB,2GB
Galaxy Tab A 9.7,16GB,1.5GB
Galaxy Tab A 8.0 & S Pen (2015),16GB,2GB
Galaxy Tab A 8.0 (2015),16GB,1.5GB
Galaxy Xcover 3,8GB,1.5GB
Galaxy S6 edge (USA),32GB,3GB
Galaxy S6 (USA),32GB,3GB
Galaxy S6 edge,32GB,3GB
Galaxy S6 Duos,32GB,3GB
Galaxy S6,32GB,3GB
Galaxy J1 4G,4GB,768MB
Galaxy J2,8GB,1GB
Galaxy J1,4GB,512MB
Galaxy Tab 3 Lite 7.0 VE,8GB,1GB
Z1,4GB,768MB
Galaxy A7 Duos,16GB,2GB
Galaxy A7,16GB,2GB
Galaxy Grand Max,16GB,1.5GB
Galaxy E7,16GB,2GB
Galaxy E5,16GB,1.5GB
Galaxy Core Prime,8GB,1GB
Galaxy A5 Duos,16GB,2GB
Galaxy A5,16GB,2GB
Galaxy A3 Duos,16GB,1GB
Galaxy A3,16GB,1GB
Galaxy S5 Plus,16GB,2GB
Galaxy Pocket 2,4GB,512MB
Galaxy V,4GB,512MB
Galaxy Grand Prime Duos TV,8GB,1GB
Galaxy Grand Prime,8GB,1GB
Galaxy Ace Style LTE G357,8GB,1GB
Galaxy Note Edge,32GB,3GB
Galaxy Note 4 Duos,16GB,3GB
Galaxy Note 4 (USA),32GB,3GB
Galaxy Note 4,32GB,3GB
Galaxy Tab Active LTE,16GB,1.5GB
Galaxy Tab Active,16GB,1.5GB
Galaxy Mega 2,16GB,1.5GB
Gear S,4GB,512MB
Gear 2 Neo,4GB,512MB
Gear Live,4GB,512MB
Gear 2,4GB,512MB
Galaxy Gear,4GB,512MB
Galaxy S5 LTE-A G901F,16GB,2GB
Galaxy Alpha (S801),32GB,2GB
Galaxy Alpha,32GB,2GB
Galaxy S5 mini Duos,16GB,1.5GB
Galaxy Avant,16GB,1.5GB
Galaxy S Duos 3,4GB,512MB
Galaxy Tab 4 8.0 (2015),16GB,1.5GB
Galaxy Ace NXT,4GB,512MB
Galaxy Star 2 Plus,4GB,512MB
Galaxy S5 mini,16GB,1.5GB
Galaxy Ace 4 LTE G313,4GB,1GB
Galaxy Ace 4,4GB,512MB
Galaxy Young 2,4GB,512MB
Galaxy Star 2,4GB,512MB
Galaxy Core II,4GB,768MB
Galaxy S5 Sport,16GB,2GB
Galaxy S5 LTE-A G906S,16GB,3GB
Galaxy Tab S 8.4 LTE,16GB,3GB
Galaxy Tab S 8.4,16GB,3GB
Galaxy Tab S 10.5 LTE,16GB,3GB
Galaxy Tab S 10.5,16GB,3GB
Galaxy Core Lite LTE,8GB,1GB
I9301I Galaxy S3 Neo,16GB,1.5GB
Galaxy W,16GB,1.5GB
Z,16GB,2GB
Galaxy S5 Active,,2GB
Galaxy K zoom,8GB,2GB
I9300I Galaxy S3 Neo,16GB,1.5GB
Galaxy Ace Style,4GB,512MB
ATIV SE,16GB,2GB
Galaxy Tab 4 7.0,8GB,1.5GB
Galaxy Tab 4 7.0 3G,8GB,1.5GB
Galaxy Tab 4 7.0 LTE,8GB,1.5GB
Galaxy Tab 4 8.0,16GB,1.5GB
Galaxy Tab 4 8.0 3G,16GB,1.5GB
Galaxy Tab 4 8.0 LTE,16GB,1.5GB
Galaxy Tab 4 10.1,16GB,1.5GB
Galaxy Tab 4 10.1 3G,16GB,1.5GB
Galaxy Tab 4 10.1 LTE,16GB,1.5GB
G3812B Galaxy S3 Slim,8GB,1GB
I8200 Galaxy S III mini VE,8GB,1GB
Galaxy S5 Duos,16GB,2GB
Galaxy S5 (octa-core),16GB,2GB
Galaxy S5 (USA),16GB,2GB
Galaxy S5,16GB,2GB
Galaxy Core LTE G386W,16GB,1.5GB
Galaxy Core LTE,8GB,1GB
Galaxy Star Trios S5283,4GB,512MB
Galaxy Note 3 Neo Duos,,2GB
Galaxy Note 3 Neo,,2GB
Galaxy Tab 3 Lite 7.0 3G,8GB,1GB
Galaxy Tab 3 Lite 7.0,8GB,1GB
Galaxy Grand Neo,8GB,1GB
Galaxy Note Pro 12.2 LTE,32GB,3GB
Galaxy Note Pro 12.2 3G,32GB,3GB
Galaxy Note Pro 12.2,32GB,3GB
Galaxy Tab Pro 12.2 LTE,32GB,3GB
Galaxy Tab Pro 12.2 3G,32GB,3GB
Galaxy Tab Pro 12.2,32GB,3GB
Galaxy Tab Pro 10.1 LTE,16GB,2GB
Galaxy Tab Pro 10.1,16GB,2GB
Galaxy Tab Pro 8.4 3G/LTE,16GB,2GB
Galaxy Tab Pro 8.4,16GB,2GB
Galaxy Camera 2 GC200,,2GB
Galaxy Core Advance,8GB,1GB
Galaxy S4 Active LTE-A,16GB,2GB
Galaxy J,16GB,3GB
Galaxy Win Pro G3812,8GB,1.5GB
Galaxy S Duos 2 S7582,4GB,768MB
Galaxy Grand 2,8GB,1.5GB
I9230 Galaxy Golden,16GB,1.5GB
Galaxy Express 2,8GB,1.5GB
I9506 Galaxy S4,16GB,2GB
Galaxy Light,8GB,1GB
Galaxy Round G910S,32GB,3GB
Galaxy Fresh S7390,4GB,512MB
Galaxy Star Pro S7260,4GB,512MB
Galaxy Note 10.1 (2014),16GB,3GB
Galaxy Note 3,16GB,3GB
Galaxy Prevail 2,4GB,512MB
Gravity Q T289,,128MB
ATIV S Neo,16GB,1GB
Galaxy S4 zoom,8GB,1.5GB
Galaxy S II TV,4GB,1GB
Galaxy Ace 3,4GB,1GB
I9190 Galaxy S4 mini,8GB,1.5GB
I9295 Galaxy S4 Active,,2GB
Galaxy Tab 3 8.0,16GB,1.5GB
Galaxy Tab 3 10.1 P5220,16GB,1GB
Galaxy Tab 3 10.1 P5200,16GB,1GB
Galaxy Tab 3 10.1 P5210,16GB,1GB
Galaxy Exhibit T599,4GB,1GB
Galaxy Core I8260,,1GB
Galaxy Tab 3 7.0 WiFi,8GB,1GB
Galaxy Tab 3 7.0,8GB,1GB
Galaxy Mega 6.3 I9200,8GB,1.5GB
Galaxy Mega 5.8 I9150,8GB,1.5GB
Galaxy Trend II Duos S7572,4GB,768MB
Galaxy Win I8550,8GB,1GB
Galaxy Pocket Neo S5310,4GB,512MB
Galaxy Star S5280,4GB,512MB
I9505 Galaxy S4,16GB,2GB
I9500 Galaxy S4,16GB,2GB
I9502 Galaxy S4,16GB,2GB
Galaxy S4 CDMA,16GB,2GB
Galaxy Note 8.0,16GB,2GB
Galaxy Note 8.0 Wi-Fi,16GB,2GB
Galaxy Young S6310,,768MB
Galaxy Fame S6810,4GB,512MB
Galaxy Express I8730,4GB,1GB
S7710 Galaxy Xcover 2,4GB,1GB
Ativ Odyssey I930,8GB,1GB
I9105 Galaxy S II Plus,8GB,1GB
Galaxy Grand I9082,8GB,1GB
Galaxy Grand I9080,8GB,1GB
Galaxy Note LTE 10.1 N8020,16GB,2GB
A997 Rugby III,256MB,128MB
Galaxy Axiom R830,4GB,1GB
Galaxy Stratosphere II I415,8GB,1GB
Galaxy Discover S730M,,512MB
Galaxy Pop SHV-E220,8GB,1GB
Galaxy Premier I9260,8GB,1GB
Google Nexus 10 P8110,16GB,2GB
Ativ Tab P8510,32GB,2GB
I8190 Galaxy S III mini,8GB,1GB
Galaxy Music Duos S6012,4GB,512MB
Galaxy Music S6010,4GB,512MB
Galaxy Rugby Pro I547,,1GB
Galaxy Express I437,,1GB
I9305 Galaxy S III,16GB,1GB
Galaxy Victory 4G LTE L300,4GB,1GB
Galaxy S Relay 4G T699,8GB,1GB
Galaxy Note II N7100,16GB,2GB
Galaxy Note II CDMA,16GB,2GB
Ativ S I8750,16GB,1GB
Galaxy Camera GC100,4GB,1GB
Galaxy Rush M830,2GB,768MB
Galaxy Stellar 4G I200,,1GB
Galaxy Reverb M950,4GB,768MB
Galaxy Tab 2 7.0 I705,8GB,1GB
Galaxy Note 10.1 N8000,16GB,2GB
Galaxy Note 10.1 N8010,16GB,2GB
Array M390,40MB,128MB
Galaxy S Duos S7562,,768MB
U485 Intensity III,,128MB
Galaxy I8250,4GB,512MB
Galaxy Ace Advance S6800,4GB,512MB
Galaxy Ace Duos S6802,3GB,512MB
Galaxy Appeal I827,4GB,512MB
Galaxy Tab 8.9 4G P7320T,16GB,1GB
I9500 Fraser,16GB,1GB
Omnia M S7530,4GB,384MB
Galaxy S III T999,16GB,2GB
Galaxy S III I747,16GB,2GB
Galaxy S III CDMA,16GB,2GB
I9300 Galaxy S III,16GB,1GB
U380 Brightside,256MB,128MB
Galaxy Pocket plus S5301,4GB,512MB
I8530 Galaxy Beam,8GB,768MB
Galaxy Tab 2 10.1 CDMA,8GB,1GB
Galaxy Tab 2 10.1 P5110,8GB,1GB
Galaxy Tab 2 10.1 P5100,16GB,1GB
Rugby Smart I847,4GB,512MB
Galaxy Ace II X S7560M,4GB,768MB
Galaxy Ace 2 I8160,4GB,768MB
Galaxy mini 2 S6500,4GB,512MB
Galaxy Pop Plus S5570i,160MB,384MB
Galaxy Tab 2 7.0 P3110,8GB,1GB
Galaxy Tab 2 7.0 P3100,8GB,1GB
I9070 Galaxy S Advance,8GB,768MB
Galaxy Nexus I9250M,16GB,1GB
Galaxy Attain 4G,,512MB
Galaxy S Blaze 4G T769,,1GB
Galaxy Tab 7.7 LTE I815,16GB,1GB
Galaxy Nexus LTE L700,32GB,1GB
Exhilarate i577,4GB,1GB
Galaxy S II Skyrocket HD I757,16GB,1GB
Galaxy Note T879,16GB,1GB
Galaxy Note I717,16GB,1GB
Galaxy Ace Plus S7500,3GB,512MB
I929 Galaxy S II Duos,16GB,1GB
M370,,128MB
I110 Illusion,2GB,512MB
Focus S I937,16GB,512MB
Focus Flash I677,8GB,512MB
Galaxy S II Skyrocket i727,16GB,1GB
Exhibit II 4G T679,1GB,512MB
Galaxy Nexus i515,32GB,1GB
Galaxy Nexus I9250,16GB,1GB
I9100G Galaxy S II,16GB,1GB
I405 Stratosphere,4GB,512MB
i927 Captivate Glide,8GB,1GB
DoubleTime I857,260MB,256MB
P6210 Galaxy Tab 7.0 Plus,16GB,1GB
P6200 Galaxy Tab 7.0 Plus,16GB,1GB
Omnia W I8350,8GB,512MB
Galaxy S II HD LTE,16GB,1GB
P6810 Galaxy Tab 7.7,16GB,1GB
P6800 Galaxy Tab 7.7,16GB,1GB
Galaxy Note N7000,16GB,1GB
Galaxy S II I777,16GB,1GB
Galaxy S II X T989D,16GB,1GB
Galaxy S II T989,16GB,1GB
Galaxy S II Epic 4G Touch,16GB,1GB
Galaxy S II LTE i727R,16GB,1GB
Galaxy S II LTE I9210,16GB,1GB
Galaxy Tab 8.9 LTE I957,16GB,1GB
Galaxy W I8150,2GB,512MB
Galaxy Y S5360,180MB,290MB
S5690 Galaxy Xcover,150MB,512MB
Galaxy S II 4G I9100M,16GB,1GB
I9103 Galaxy R,8GB,1GB
Convoy 2,,128MB
Conquer 4G,1GB,512MB
Gravity SMART,150MB,270MB
Exhibit 4G,1GB,512MB
I9001 Galaxy S Plus,8GB,512MB
M580 Replenish,512MB,256MB
M220L Galaxy Neo,4GB,512MB
Google Nexus S I9020A,16GB,512MB
P1010 Galaxy Tab Wi-Fi,16GB,592MB
P7500 Galaxy Tab 10.1 3G,16GB,1GB
Galaxy Tab 10.1 LTE I905,16GB,1GB
Galaxy Tab 10.1 P7510,16GB,1GB
Galaxy Tab 8.9 P7300,16GB,1GB
Galaxy Tab 8.9 P7310,16GB,1GB
Google Nexus S 4G,16GB,512MB
M260 Factor,,128MB
Galaxy Pro B7510,,270MB
I9100 Galaxy S II,16GB,1GB
I9003 Galaxy SL,4GB,478MB
Galaxy Ace S5830,158MB,278MB
Galaxy Fit S5670,160MB,280MB
Galaxy Gio S5660,158MB,278MB
Galaxy Mini S5570,160MB,384MB
Galaxy S 4G T959,1GB,512MB
Google Nexus S,16GB,512MB
Continuum I400,2GB,336MB
Focus,8GB,512MB
Galaxy Tab T-Mobile T849,16GB,640MB
P1000 Galaxy Tab,16GB,512MB
Mesmerize i500,2GB,512MB
M920 Transform,512MB,512MB
Vibrant,16GB,512MB
i897 Captivate,16GB,512MB
U320 Haven,24MB,16MB
M350 Seek,,128MB
Epic 4G,512MB,512MB
I5801 Galaxy Apollo,512MB,256MB
I5800 Galaxy 3,512MB,256MB
Galaxy A,1GB,384MB
I9000 Galaxy S,8GB,512MB
I8520 Galaxy Beam,16GB,384MB
B7620 Giorgio Armani,8GB,256MB
B7330 OmniaPRO,270MB,256MB
i220 Code,94MB,128MB
i350 Intrepid,,256MB
U960 Rogue,,256MB
I8000 Omnia II,2GB,256MB
B7610 OmniaPRO,2GB,256MB
B7320 OmniaPRO,100MB,256MB
i637 Jack,,256MB
I7500 Galaxy,8GB,128MB
Propel Pro,,128MB
i8910 Omnia HD,8GB,256MB
i907 Epix,,150MB
i8510 INNOV8,8GB,128MB
i740,,64MB
i900 Omnia,8GB,128MB
SPH-i325 Ace,,96MB
i640,,64MB
i780,,128MB
i620,80MB,64MB
i600,,64MB
i617 BlackJack II,,128MB
i607 BlackJack,,64MB
i310,,64MB
i300x,,64MB
i300,,64MB
D710,,64MB
i530,,32MB
i505,,32MB
i500,,32MB
i250,,32MB
i700,,32MB
Galaxy A04 Core,32GB,3GB
Galaxy S21,128GB,8GB
Galaxy A72 5G,128GB,6GB
Galaxy A91,128GB,8GB
Galaxy S9 Active,64GB,4GB
Galaxy On5 (2016),32GB,3GB
Galaxy J5 Prime (2017),16GB,3GB
Galaxy S7 mini,32GB,3GB
Galaxy S6 Plus,32GB,4GB
Galaxy Grand 3,16GB,1.5GB
Galaxy F,16GB,3GB
Galaxy Tab 3 Plus 10.1 P8220,16GB,2GB
Galaxy C10,64GB,6GB
Xperia 5 V,128GB,8GB
Xperia 1 V,256GB,12GB
Xperia 10 V,128GB,6GB
Xperia 5 IV,128GB,8GB
Xperia 1 IV,256GB,12GB
Xperia 10 IV,128GB,6GB
Xperia Pro-I,512GB,12GB
Xperia 10 III Lite,64GB,6GB
Xperia 1 III,256GB,12GB
Xperia 5 III,128GB,8GB
Xperia 10 III,128GB,6GB
Xperia Pro,512GB,12GB
Xperia 5 II,128GB,8GB
Xperia 1 II,256GB,8GB
Xperia 10 II,64GB,4GB
Xperia L4,64GB,3GB
Xperia 5,128GB,6GB
Xperia 1,64GB,6GB
Xperia 10 Plus,64GB,4GB
Xperia 10,64GB,3GB
Xperia L3,32GB,3GB
Xperia XA2 Plus,32GB,4GB
Xperia XZ3,64GB,4GB
Xperia XZ2 Premium,64GB,6GB
Xperia XZ2,64GB,4GB
Xperia XZ2 Compact,64GB,4GB
Xperia XA2 Ultra,32GB,4GB
Xperia XA2,32GB,3GB
Xperia L2,32GB,3GB
Xperia R1 (Plus),16GB,2GB
Xperia XZ1,64GB,4GB
Xperia XA1 Plus,32GB,3GB
Xperia XZ1 Compact,32GB,4GB
Xperia L1,16GB,2GB
Xperia XZs,32GB,4GB
Xperia XZ Premium,64GB,4GB
Xperia XA1 Ultra,32GB,4GB
Xperia XA1,32GB,3GB
Xperia X Compact,32GB,3GB
Xperia XZ,32GB,3GB
Xperia E5,16GB,1.5GB
Xperia XA Ultra,16GB,3GB
Xperia X Performance,32GB,3GB
Xperia X,32GB,3GB
Xperia XA Dual,16GB,2GB
Xperia XA,16GB,2GB
Xperia Z5 Premium Dual,32GB,3GB
Xperia Z5 Premium,32GB,3GB
Xperia Z5 Dual,32GB,3GB
Xperia Z5,32GB,3GB
Xperia Z5 Compact,32GB,2GB
Xperia M5 Dual,16GB,3GB
Xperia M5,16GB,3GB
Xperia C5 Ultra Dual,16GB,2GB
Xperia C5 Ultra,16GB,2GB
Xperia Z4v,32GB,3GB
Xperia Z3+ dual,32GB,3GB
Xperia Z3+,32GB,3GB
Xperia C4 Dual,16GB,2GB
Xperia C4,16GB,2GB
Xperia M4 Aqua Dual,8GB,2GB
Xperia M4 Aqua,8GB,2GB
Xperia Z4 Tablet WiFi,32GB,3GB
Xperia Z4 Tablet LTE,32GB,3GB
Xperia E4g,8GB,1GB
Xperia E4g Dual,8GB,1GB
Xperia E4 Dual,8GB,1GB
Xperia E4,8GB,1GB
Xperia E3 Dual,4GB,1GB
Xperia E3,4GB,1GB
Xperia Z3 Tablet Compact,16GB,3GB
Xperia Z3 Dual,16GB,3GB
Xperia Z3v,32GB,3GB
Xperia Z3,16GB,3GB
Xperia M2 Aqua,8GB,1GB
Xperia Z3 Compact,16GB,2GB
Xperia C3 Dual,8GB,1GB
Xperia C3,8GB,1GB
Xperia Z2a,16GB,3GB
Xperia T3,8GB,1GB
SmartWatch 3 SWR50,4GB,512MB
Xperia M2,8GB,1GB
Xperia M2 dual,8GB,1GB
Xperia Z2 Tablet LTE,16GB,3GB
Xperia Z2 Tablet Wi-Fi,16GB,3GB
Xperia Z2,16GB,3GB
Xperia E1 dual,4GB,512MB
Xperia E1,4GB,512MB
Xperia T2 Ultra dual,8GB,1GB
Xperia T2 Ultra,8GB,1GB
Xperia Z1s,32GB,2GB
Xperia Z1 Compact,16GB,2GB
Xperia Z1,16GB,2GB
Xperia Z Ultra,16GB,2GB
Xperia C,4GB,1GB
Xperia M,4GB,1GB
Xperia ZR,8GB,2GB
Xperia L,,1GB
Xperia SP,,1GB
Xperia Tablet Z Wi-Fi,16GB,2GB
Xperia Tablet Z LTE,16GB,2GB
Xperia Z,16GB,2GB
Xperia ZL,16GB,2GB
Xperia E dual,,512MB
Xperia E,,512MB
Xperia T LTE,16GB,1GB
Xperia Tablet S 3G,16GB,1GB
Xperia Tablet S,16GB,1GB
Xperia V,8GB,1GB
Xperia J,,512MB
Xperia TX,16GB,1GB
Xperia T,16GB,1GB
Xperia SL,32GB,1GB
Xperia tipo dual,,512MB
Xperia tipo,,512MB
Xperia miro,,512MB
Xperia go,,512MB
Xperia acro S,,1GB
Xperia SX SO-05D,4GB,1GB
Xperia GX SO-04D,16GB,1GB
Xperia acro HD SO-03D,11GB,1GB
Xperia acro HD SOI12,11GB,1GB
Xperia neo L,,512MB
Xperia sola,,512MB
Xperia U,,512MB
Xperia P,,1GB
Xperia S,32GB,1GB
Xperia ion HSPA,,1GB
Xperia ion LTE,16GB,1GB
Tablet P,4GB,1GB
Tablet P 3G,4GB,1GB
Tablet S 3G,16GB,1GB
Tablet S,16GB,1GB
Xperia LT29i Hayabusa,,1GB
Xperia 5 Plus,128GB,6GB
Xperia X Ultra,64GB,4GB
Xperia H8541,64GB,4GB
Xperia M Ultra,32GB,3GB
Xperia X Premium,32GB,3GB
Xperia E1 II,8GB,1GB
Xperia Z4 Ultra,16GB,3GB
Xperia Z4 Compact,16GB,3GB
D 2403,8GB,1GB
Xperia C670X,32GB,2GB
Redmi Note 13 Pro 4G,256GB,8GB
Redmi Note 13 4G,128GB,6GB
Redmi Note 13 Pro+,256GB,8GB
Redmi Note 13 Pro,128GB,8GB
Redmi Note 13,128GB,6GB
Poco X6 Pro,256GB,8GB
Poco X6,256GB,8GB
Poco M6 Pro,256GB,8GB
Poco M6,128GB,4GB
Redmi 13R,128GB,4GB
Redmi 13C 5G,128GB,4GB
Redmi K70 Pro,256GB,12GB
Redmi K70,256GB,12GB
Redmi K70E,256GB,8GB
Redmi Note 13R Pro,256GB,12GB
Redmi 13C,128GB,4GB
Poco C65,128GB,4GB
14 Pro,256GB,12GB
14,256GB,8GB
13T Pro,256GB,12GB
13T,256GB,8GB
Watch 2 Pro,32GB,2GB
Redmi Note 13 (China),128GB,6GB
Redmi Pad SE,128GB,4GB
Redmi K60 Ultra,256GB,12GB
Mix Fold 3,256GB,12GB
Pad 6 Max 14,256GB,8GB
Poco M6 Pro 5G,64GB,4GB
Redmi 12 5G,128GB,4GB
Redmi Note 12R,128GB,4GB
Redmi Note 12R Pro,256GB,12GB
Redmi 12,128GB,2GB
Redmi Note 12T Pro,128GB,8GB
Civi 3,256GB,12GB
Poco F5 Pro,256GB,8GB
Poco F5,256GB,8GB
13 Ultra,256GB,12GB
Pad 6 Pro,128GB,8GB
Pad 6,128GB,6GB
Poco C51,64GB,4GB
Redmi Note 12S,64GB,6GB
Redmi Note 12 Pro 4G,128GB,6GB
Redmi Note 12 Turbo,256GB,8GB
Redmi A2+,32GB,2GB
Redmi A2,32GB,2GB
Redmi Note 12 4G,64GB,4GB
13 Pro,128GB,8GB
13,128GB,8GB
13 Lite,128GB,8GB
Poco C55,64GB,4GB
Poco X5 Pro,128GB,6GB
Poco X5,128GB,6GB
Redmi Note 12,128GB,4GB
Poco C50,32GB,2GB
Redmi Note 12 Pro Speed,128GB,6GB
Redmi K60 Pro,128GB,8GB
Redmi K60E,128GB,8GB
Redmi K60,128GB,8GB
Redmi 12C,32GB,2GB
Redmi Note 12 Discovery,256GB,8GB
Redmi Note 12 Pro+,256GB,8GB
Redmi Note 12 Pro,128GB,6GB
Redmi Note 12 (China),128GB,4GB
12T Pro,128GB,8GB
12T,128GB,8GB
Redmi Pad,64GB,3GB
Redmi Note 11R,128GB,4GB
Redmi A1+,32GB,2GB
Civi 2,128GB,8GB
Redmi 11 Prime,64GB,4GB
Redmi 11 Prime 5G,64GB,4GB
Redmi A1,32GB,2GB
Poco M5s,64GB,4GB
Poco M5,64GB,4GB
Poco M5 (India),64GB,4GB
Redmi Note 11 SE (India),64GB,6GB
Poco M4 5G,64GB,4GB
Redmi K50 Ultra,128GB,8GB
Mix Fold 2,256GB,12GB
Pad 5 Pro 12.4,128GB,6GB
Redmi K50i,128GB,6GB
12 Lite,128GB,6GB
12S Ultra,256GB,8GB
12S Pro,128GB,8GB
12S,128GB,8GB
12 Pro (Dimensity),128GB,8GB
Poco F4,128GB,6GB
Poco X4 GT,128GB,8GB
Poco C40,32GB,2GB
Redmi Note 11T Pro+,128GB,8GB
Redmi Note 11T Pro,128GB,6GB
Redmi Note 11SE,128GB,4GB
Redmi 10 Prime 2022,64GB,4GB
Poco M4 5G (India),64GB,4GB
Poco F4 GT,128GB,8GB
Civi 1S,128GB,8GB
Redmi 10 Power,128GB,8GB
Black Shark 5 Pro,128GB,8GB
Black Shark 5,128GB,8GB
Black Shark 5 RS,256GB,8GB
Redmi 10A,32GB,2GB
Redmi Note 11S 5G,64GB,4GB
Redmi 10 5G,64GB,4GB
Redmi Note 11 Pro+ 5G,128GB,6GB
Redmi K50 Pro,128GB,8GB
Redmi K50,128GB,8GB
Redmi K40S,128GB,6GB
12 Pro,128GB,8GB
12,128GB,8GB
12X,128GB,8GB
Redmi 10 (India),64GB,4GB
Redmi 10C,64GB,3GB
Redmi Note 11 Pro+ 5G (India),64GB,6GB
Redmi Note 11E Pro,128GB,6GB
Redmi Note 11E,128GB,4GB
Poco X4 Pro 5G,64GB,6GB
Poco M4 Pro,64GB,6GB
Redmi K50 Gaming,128GB,8GB
Redmi 10 2022,64GB,4GB
Redmi Note 11 Pro 5G,64GB,6GB
Redmi Note 11 Pro,64GB,6GB
Redmi Note 11S,64GB,6GB
Redmi Note 11,64GB,4GB
11i HyperCharge 5G,128GB,6GB
11i,128GB,6GB
Redmi Note 11T 5G,64GB,4GB
Redmi Note 11 4G,128GB,4GB
Poco M4 Pro 5G,64GB,4GB
Redmi Note 11 Pro (China),128GB,6GB
Redmi Note 11 (China),128GB,4GB
Black Shark 4S Pro,256GB,8GB
Black Shark 4S,128GB,8GB
Redmi Note 10 Lite,64GB,4GB
Civi,128GB,8GB
Redmi 9i Sport,64GB,4GB
Redmi 9A Sport,32GB,2GB
Poco C31,32GB,3GB
Redmi 9 Activ,64GB,4GB
11T Pro,128GB,8GB
11T,128GB,8GB
11 Lite 5G NE,128GB,6GB
Redmi 10 Prime,64GB,4GB
Redmi 10,64GB,4GB
Pad 5 Pro,128GB,6GB
Pad 5,128GB,6GB
Mix 4,128GB,8GB
Poco X3 GT,128GB,8GB
Poco F3 GT,128GB,6GB
Redmi Note 10T 5G,64GB,4GB
Redmi Note 10 Pro (China),128GB,6GB
Redmi Note 8 2021,64GB,3GB
Poco M3 Pro 5G,64GB,4GB
Redmi K40 Gaming,128GB,6GB
Mi 11X Pro,128GB,8GB
Mi 11X,128GB,6GB
Poco M2 Reloaded,64GB,4GB
Mi Mix Fold,256GB,12GB
Mi 11 Ultra,256GB,8GB
Mi 11 Pro,128GB,8GB
Mi 11i,128GB,8GB
Mi 11 Lite 5G,64GB,6GB
Mi 11 Lite,64GB,4GB
Black Shark 4 Pro,128GB,8GB
Black Shark 4,128GB,6GB
Poco X3 Pro,128GB,6GB
Poco F3,128GB,6GB
Mi 10S,128GB,8GB
Redmi Note 10 Pro,64GB,6GB
Redmi Note 10 5G,64GB,4GB
Redmi Note 10S,64GB,4GB
Redmi Note 10,64GB,4GB
Redmi Note 10 Pro Max,64GB,6GB
Redmi Note 10 Pro (India),64GB,6GB
Redmi K40 Pro+,256GB,12GB
Redmi K40 Pro,128GB,6GB
Redmi K40,128GB,6GB
Redmi Note 9T,64GB,4GB
Redmi 9T,64GB,4GB
Mi 10i 5G,128GB,6GB
Mi 11,128GB,6GB
Redmi 9 Power,64GB,4GB
Redmi Note 9 Pro 5G,128GB,6GB
Redmi Note 9 5G,64GB,4GB
Redmi Note 9 4G,128GB,4GB
Poco M3,64GB,4GB
Redmi K30S,128GB,8GB
Poco C3,32GB,3GB
Mi 10T Pro 5G,128GB,8GB
Mi 10T 5G,128GB,6GB
Mi 10T Lite 5G,64GB,6GB
Mi 10T Lite 5G,64GB,6GB
Redmi 9AT,32GB,2GB
Redmi 9i,64GB,4GB
Poco M2,64GB,6GB
Poco X3,64GB,6GB
Poco X3 NFC,64GB,6GB
Redmi 9 (India),64GB,4GB
Mi 10 Ultra,128GB,8GB
Redmi K30 Ultra,128GB,6GB
Redmi 9 Prime,64GB,4GB
Black Shark 3S,128GB,12GB
Poco M2 Pro,64GB,4GB
Redmi 9A,32GB,2GB
Redmi 9C NFC,32GB,2GB
Redmi 9C,32GB,2GB
Redmi 9,32GB,3GB
Redmi 10X Pro 5G,128GB,8GB
Redmi 10X 5G,64GB,6GB
Redmi 10X 4G,128GB,4GB
Redmi K30i 5G,128GB,6GB
Poco F2 Pro,128GB,6GB
Poco F2 Pro,UFS,3.16GB
Redmi K30 5G Racing,128GB,6GB
Redmi Note 9 Pro,64GB,6GB
Redmi Note 9,64GB,3GB
Mi Note 10 Lite,64GB,6GB
Mi 10 Youth 5G,64GB,6GB
Mi 10 Lite 5G,64GB,6GB
Redmi K30 Pro Zoom,128GB,8GB
Redmi K30 Pro,128GB,6GB
Redmi Note 9S,64GB,4GB
Redmi Note 9 Pro Max,64GB,6GB
Redmi Note 9 Pro (India),64GB,4GB
Black Shark 3 Pro,256GB,8GB
Black Shark 3,128GB,8GB
Mi 10 Pro 5G,256GB,8GB
Mi 10 5G,128GB,8GB
Redmi 8A Pro,32GB,2GB
Redmi 8A Dual,32GB,2GB
Poco X2,64GB,6GB
Redmi K30,64GB,6GB
Redmi K30 5G,64GB,6GB
Redmi Note 8T,32GB,3GB
Mi Note 10 Pro,256GB,8GB
Mi Note 10,128GB,6GB
Mi CC9 Pro,128GB,6GB
Mi Watch (China),8GB,1GB
Redmi 8,32GB,3GB
Redmi 8A,32GB,2GB
Mi Mix Alpha,512GB,12GB
Mi 9 Pro 5G,128GB,8GB
Mi 9 Pro,128GB,8GB
Redmi K20 Pro Premium,128GB,8GB
Mi 9 Lite,64GB,6GB
Redmi Note 8 Pro,64GB,4GB
Black Shark 2 Pro,128GB,8GB
Mi A3,64GB,4GB
Redmi 7A,16GB,2GB
Mi CC9e,64GB,4GB
Mi CC9,64GB,6GB
Redmi Note 8,32GB,3GB
Mi 9T Pro,64GB,6GB
Mi 9T,64GB,6GB
Redmi K20,64GB,6GB
Redmi K20 Pro,64GB,6GB
Redmi Note 7S,32GB,3GB
Redmi Y3,32GB,3GB
Black Shark 2,128GB,6GB
Redmi 7,16GB,2GB
Redmi Note 7 Pro,64GB,4GB
Mi Mix 3 5G,64GB,6GB
Mi 9 Explorer,256GB,8GB
Mi 9 SE,64GB,6GB
Mi 9,64GB,6GB
Redmi Go,8GB,1GB
Redmi Note 7,32GB,3GB
Mi Play,64GB,4GB
Black Shark Helo,128GB,6GB
Mi Mix 3,128GB,6GB
Redmi Note 6 Pro,32GB,3GB
Mi 8 Pro,128GB,6GB
Mi 8 Lite,64GB,4GB
Pocophone F1,64GB,6GB
Mi A2 (Mi 6X),32GB,4GB
Mi A2 Lite (Redmi 6 Pro),32GB,3GB
Mi Max 3,64GB,4GB
Mi Pad 4 Plus,64GB,4GB
Mi Pad 4,32GB,3GB
Redmi 6,32GB,3GB
Redmi 6A,16GB,2GB
Mi 8 Explorer,128GB,8GB
Mi 8,64GB,6GB
Mi 8 SE,64GB,4GB
Redmi S2 (Redmi Y2),32GB,3GB
Mi Mix 2S,64GB,6GB
Redmi Note 5 AI Dual Camera,32GB,3GB
Redmi Note 5 Pro,64GB,4GB
Black Shark,64GB,6GB
Redmi 5 Plus (Redmi Note 5),32GB,3GB
Redmi 5,16GB,2GB
Redmi 5A,16GB,2GB
Redmi Y1 (Note 5A),32GB,3GB
Redmi Y1 Lite,16GB,2GB
Mi Note 3,64GB,6GB
Mi Mix 2,64GB,6GB
Mi A1 (Mi 5X),32GB,4GB
Mi Max 2,32GB,4GB
Redmi 4 (4X),16GB,2GB
Mi 6,64GB,4GB
Mi Pad 3,64GB,4GB
Mi 5c,64GB,3GB
Redmi Note 4X,16GB,3GB
Redmi Note 4,32GB,3GB
Redmi 4A,16GB,2GB
Redmi 4 (China),16GB,2GB
Mi 6 Plus,64GB,6GB
Redmi 4 Prime,32GB,3GB
Mi Mix,128GB,4GB
Mi Note 2,64GB,4GB
Mi 5s Plus,64GB,4GB
Mi 5s,64GB,3GB
Redmi Note 4 (MediaTek),16GB,2GB
Redmi Pro,32GB,3GB
Redmi 3x,32GB,2GB
Redmi 3s Prime,32GB,3GB
Redmi 3s,16GB,2GB
Redmi 3 Pro,32GB,3GB
Mi Max,16GB,2GB
Mi 5,32GB,3GB
Mi 4s,64GB,3GB
Redmi Note 3,16GB,2GB
Redmi 3,16GB,2GB
Redmi Note Prime,16GB,2GB
Mi Pad 2,16GB,2GB
Redmi Note 3 (MediaTek),16GB,2GB
Mi 4c,16GB,2GB
Redmi Note 2,16GB,2GB
Redmi 2 Pro,16GB,2GB
Redmi 2 Prime,16GB,2GB
Mi 4i,16GB,2GB
Mi Note Pro,64GB,4GB
Mi Note,16GB,3GB
Redmi 2A,8GB,1GB
Redmi 2,8GB,1GB
Mi 4 LTE,16GB,3GB
Redmi Note 4G,8GB,2GB
Mi 4,16GB,2GB
Mi Pad 7.9,16GB,2GB
Redmi Note,8GB,1GB
Mi 3,16GB,2GB
Redmi 1S,8GB,1GB
Redmi,4GB,1GB
Mi 2A,16GB,1GB
Mi 2S,16GB,2GB
Mi 2,16GB,2GB
Mi 1S,4GB,1GB
12 Lite NE,128GB,8GB
Redmi 11,64GB,4GB
Redmi 10 Prime+ 5G,128GB,4GB
Poco X4 NFC,128GB,6GB
Poco M3 Pro,64GB,4GB
Redmi 20X,128GB,4GB
Redmi 11A,32GB,2GB
Mi 10 Lite Zoom,128GB,6GB
Mi 9X,64GB,6GB
Mi Max 4 Pro,64GB,6GB
Mi Max 4,64GB,4GB
Mi 6c,64GB,4GB
Redmi Pro 2,64GB,4GB
Mi Note Plus,64GB,3GB
nubia Z60 Ultra,256GB,8GB
nubia Red Magic 9 Pro+,256GB,16GB
nubia Red Magic 9 Pro,256GB,8GB
Blade V50 Design 4G,128GB,8GB
Blade V50 Vita,256GB,4GB
Blade V50,256GB,6GB
Blade V50 Design,128GB,4GB
Blade A54,64GB,4GB
Blade A73,128GB,4GB
Blade A73 5G,128GB,4GB
nubia Neo,256GB,8GB
nubia Z50S Pro,256GB,12GB
nubia Red Magic Tablet,256GB,12GB
nubia Red Magic 8S Pro+,256GB,16GB
nubia Red Magic 8S Pro,128GB,8GB
Blade A72s,128GB,3GB
V70,256GB,8GB
Axon 50 Ultra,256GB,12GB
Axon Pad,256GB,8GB
nubia Z50 Ultra,256GB,8GB
nubia Pad 3D,128GB,8GB
Blade V40,128GB,6GB
Blade V40 Design,128GB,4GB
nubia Red Magic 8 Pro+,256GB,12GB
nubia Red Magic 8 Pro,128GB,8GB
nubia Z50,128GB,8GB
Blade V41 Vita,128GB,6GB
Voyage 40 Pro+,256GB,8GB
Axon 40 Ultra Space Edition,512GB,12GB
Axon 40 SE,128GB,4GB
Blade V40s,128GB,6GB
Axon 30S,128GB,8GB
nubia Z40S Pro,128GB,8GB
nubia Red Magic 7S Pro,256GB,12GB
nubia Red Magic 7S,128GB,8GB
Blade V40 Pro,128GB,6GB
Blade A72 5G,64GB,4GB
Blade A72,64GB,3GB
Blade A52 Lite,32GB,2GB
Blade A52,32GB,2GB
Axon 40 Pro,128GB,8GB
Axon 40 Ultra,128GB,8GB
nubia Z40 Pro,128GB,8GB
Blade V40 Vita,128GB,4GB
nubia Red Magic 7 Pro,128GB,8GB
nubia Red Magic 7,128GB,8GB
Blade A3 Plus,16GB,2GB
Blade A7P,32GB,3GB
Voyage 20 Pro,256GB,8GB
Avid 589,32GB,2GB
Blade A71,64GB,3GB
Blade A31 Plus,32GB,1GB
Blade A31,32GB,2GB
Blade A31 Lite,32GB,1GB
Blade A51,32GB,2GB
Blade L9,32GB,1GB
nubia Red Magic 6s Pro,128GB,12GB
nubia Red Magic 6s,128GB,12GB
Axon 30 5G,128GB,6GB
Blade V30 Vita,128GB,3GB
Blade V30,128GB,4GB
nubia Red Magic 6R,128GB,6GB
nubia Z30 Pro,256GB,8GB
Blade 11 Prime,64GB,4GB
Axon 30 Ultra 5G,128GB,8GB
Axon 30 Pro 5G,128GB,6GB
S30 Pro,256GB,8GB
S30,128GB,8GB
S30 SE,128GB,6GB
nubia Red Magic 6 Pro,128GB,12GB
nubia Red Magic 6,128GB,8GB
Link II,8GB,1GB
Blade X1 5G,128GB,6GB
Blade 20 Pro 5G,128GB,8GB
Cymbal U,8GB,1GB
Blade V2020 5G,128GB,6GB
Blade A7s 2020,64GB,3GB
Blade 20 5G,128GB,6GB
Blade A3Y,32GB,2GB
Blade A5 2020,32GB,2GB
Axon 20 5G Extreme,256GB,12GB
Axon 20 5G,128GB,6GB
Axon 20 4G,128GB,6GB
Quest 5,16GB,1GB
Gabb Z2,32GB,2GB
nubia Watch,8GB,1GB
nubia Red Magic 5S,128GB,8GB
Avid 579,32GB,2GB
nubia Red Magic 5G Lite,256GB,8GB
Axon 11 SE 5G,128GB,6GB
Blade A3 Joy,32GB,2GB
Blade A3 Prime,32GB,2GB
nubia Play,128GB,6GB
Axon 11 4G,128GB,6GB
Axon 11 5G,128GB,6GB
nubia Red Magic 5G,128GB,8GB
Axon 10s Pro 5G,128GB,6GB
Cymbal 2,8GB,1GB
Blade Max View,32GB,3GB
Blade A7 Prime,32GB,3GB
Blade 10 Prime,64GB,3GB
Blade Vantage 2,16GB,2GB
Blade 20,128GB,4GB
nubia Red Magic 3s,128GB,8GB
nubia Z20,128GB,6GB
Blade A5 (2019),16GB,2GB
Blade A3 (2019),16GB,1GB
Blade L8,16GB,1GB
nubia Red Magic 3,64GB,6GB
Avid 559,16GB,2GB
nubia Alpha,8GB,1GB
Axon 10 Pro 5G,128GB,6GB
Axon 10 Pro,128GB,6GB
Blade V10,32GB,3GB
Blade V10 Vita,32GB,2GB
nubia Red Magic Mars,64GB,6GB
nubia X,64GB,6GB
nubia Z18,64GB,6GB
Axon 9 Pro,128GB,6GB
nubia Red Magic,64GB,6GB
Blade A7 Vita,16GB,2GB
Blade A7,32GB,2GB
nubia Z18 mini,64GB,6GB
nubia V18,64GB,4GB
nubia N3,64GB,4GB
Blade V9 Vita,16GB,2GB
Blade V9,32GB,3GB
Tempo Go,8GB,1GB
Blade A3,32GB,3GB
Blade A6,32GB,3GB
Maven 2,8GB,1GB
Blade X,16GB,2GB
Axon M,64GB,4GB
nubia Z17s,64GB,6GB
nubia Z17 miniS,64GB,6GB
nubia Z17 lite,64GB,6GB
Blade Z Max,32GB,2GB
Blade Force,16GB,2GB
Tempo X,8GB,1GB
Blade A601,8GB,1GB
Grand X View 2,8GB,1GB
Blade V7 Plus,16GB,2GB
Quartz,4GB,768MB
nubia N2,64GB,4GB
nubia M2,64GB,4GB
nubia M2 lite,32GB,3GB
nubia M2 Play,32GB,3GB
nubia Z17,64GB,6GB
Axon 7s,128GB,6GB
Max XL,16GB,2GB
nubia Z17 mini,64GB,4GB
Blade A520,8GB,1GB
nubia N1 lite,16GB,2GB
Blade V8 Mini,16GB,2GB
Blade V8 Lite,16GB,2GB
Blade A2 Plus,32GB,4GB
Hawkeye,32GB,3GB
Blade V8 Pro,32GB,3GB
Blade V8,16GB,2GB
Axon 7 Max,16GB,2GB
Grand X4,16GB,2GB
Blade V7 Max,32GB,3GB
nubia Z11 mini S,64GB,4GB
Axon 7 mini,32GB,3GB
Warp 7,16GB,2GB
Zmax Pro,32GB,2GB
nubia N1,32GB,3GB
nubia Z11 Max,64GB,4GB
Axon 7,64GB,4GB
nubia Z11,64GB,4GB
Blade L110 (A110),4GB,512MB
Grand X Max 2,16GB,2GB
nubia Z11 mini,64GB,3GB
Blade L5 Plus,8GB,1GB
Blade V Plus,16GB,2GB
Blade A610,8GB,1GB
Blade A512,16GB,2GB
Blade A452,8GB,1GB
Blade V7,16GB,2GB
Blade A910,16GB,2GB
Blade A2,16GB,2GB
Blade V7 Lite,16GB,2GB
Axon Max,32GB,3GB
nubia Prague S,64GB,3GB
Grand X 3,16GB,2GB
Avid Plus,8GB,1GB
Blade X9,16GB,2GB
Blade X5,8GB,1GB
Blade X3,8GB,1GB
Axon Watch,4GB,512MB
Axon,32GB,2GB
Blade S7,32GB,3GB
Axon mini,32GB,3GB
Zmax 2,16GB,2GB
Axon Elite,32GB,3GB
nubia My Prague,16GB,2GB
Axon Lux,128GB,4GB
Boost Max+,16GB,2GB
Blade A460,8GB,1GB
Blade D6,16GB,2GB
Axon Pro,32GB,4GB
Blade A410,8GB,1GB
Obsidian,4GB,1GB
Grand X2,16GB,2GB
Sonata 2,4GB,1GB
Blade Apex 3,8GB,1GB
Maven,8GB,1GB
Blade Q Pro,8GB,1GB
Blade Qlux 4G,8GB,1GB
nubia Z9,32GB,3GB
Blade S6 Plus,16GB,2GB
nubia Z9 Max,16GB,3GB
nubia Z9 mini,16GB,2GB
Open L,8GB,1GB
Grand S3,16GB,3GB
Blade L3 Plus,8GB,1GB
Blade L3,8GB,1GB
Blade G Lux,4GB,512MB
Blade G,4GB,512MB
V5 Lux,8GB,1GB
Blade S6,16GB,2GB
Imperial II,8GB,1GB
Grand X Max+,16GB,2GB
Star 2,16GB,2GB
Grand X Plus Z826,8GB,2GB
Speed,8GB,1GB
Grand S II,16GB,2GB
Grand S Pro,8GB,2GB
Zinger,4GB,512MB
Grand Xmax,8GB,1GB
Zmax,16GB,2GB
Blade Vec 4G,16GB,1GB
Blade Vec 3G,8GB,1GB
Kis 3 Max,4GB,512MB
nubia Z5S mini NX405H,16GB,2GB
nubia Z7,32GB,3GB
nubia Z7 Max,32GB,2GB
nubia Z7 mini,16GB,2GB
Blade L2,4GB,1GB
Kis 3,512MB,256MB
Blade G2,4GB,512MB
Redbull V5 V9180,4GB,1GB
Star 1,16GB,2GB
nubia X6,32GB,2GB
Grand Memo II LTE,16GB,2GB
Open C,4GB,512MB
Open II,2GB,256MB
Iconic Phablet,8GB,1GB
Sonata 4G,4GB,1GB
Grand S II S291,16GB,2GB
nubia Z5S,16GB,2GB
nubia Z5S mini NX403A,16GB,2GB
Grand S Flex,16GB,1GB
Blade Q Maxi,4GB,1GB
Blade Q,4GB,1GB
Blade Q Mini,4GB,1GB
Warp 4G,8GB,1GB
Blade V,4GB,1GB
Blade G V880G,,512MB
Reef,4GB,1GB
Imperial,4GB,1GB
Vital N9810,8GB,1GB
Grand X Pro,4GB,1GB
Grand X2 In,8GB,1GB
Grand X Quad V987,4GB,1GB
Geek V975,8GB,2GB
Grand Memo V9815,16GB,2GB
Open,,256MB
Blade C V807,4GB,512MB
Director,4GB,512MB
V81,4GB,1GB
Grand S,16GB,2GB
Avid 4G,,512MB
V889M,4GB,512MB
V887,4GB,512MB
Kis III V790,512MB,256MB
Groove X501,1GB,512MB
nubia Z5,32GB,2GB
Flash,8GB,1GB
Anthem 4G,,512MB
Warp Sequent,,768MB
Grand Era U895,4GB,1GB
Blade III,,512MB
Grand X IN,4GB,1GB
N880E,4GB,512MB
Grand X LTE T82,4GB,1GB
Grand X V970,4GB,1GB
U880E,4GB,512MB
Light Tab 300,,1GB
V96,16GB,1GB
PF 100,16GB,1GB
T98,16GB,1GB
Light Tab 3 V9S,16GB,1GB
Era,8GB,1GB
PF112 HD,8GB,1GB
Skate Acqua,4GB,512MB
Orbit,4GB,512MB
Kis V788,512MB,256MB
V880E,,512MB
Nova 3.5,512MB,256MB
Nova 4 V8000,4GB,512MB
Nova Messenger,,256MB
Blade II V880+,,512MB
Optik,16GB,1GB
Light Tab 2 V9A,4GB,512MB
Light Tab V9C,512MB,512MB
FTV Phone,,512MB
Chorus,,256MB
Tania,4GB,512MB
Warp,4GB,512MB
Avail,512MB,512MB
V9+,4GB,512MB
V9,512MB,512MB
Skate,,512MB
Racer II,256MB,512MB
Blade,,512MB
Racer,,256MB
Xiang,,256MB
Blade V20,64GB,4GB
nubia X 5G,64GB,6GB
